time_s,shoulder_pan_position_rad,shoulder_lift_position_rad,elbow_flex_position_rad,wrist_flex_position_rad,wrist_roll_position_rad,shoulder_pan_velocity_rad_s,shoulder_lift_velocity_rad_s,elbow_flex_velocity_rad_s,wrist_flex_velocity_rad_s,wrist_roll_velocity_rad_s,shoulder_pan_acceleration_rad_s2,shoulder_lift_acceleration_rad_s2,elbow_flex_acceleration_rad_s2,wrist_flex_acceleration_rad_s2,wrist_roll_acceleration_rad_s2,active_joint_name,phase,motion_stage
0.000000000,0.000000000000,-0.350000000000,0.350000000000,1.220000000000,0.000000000000,0.000000000000,0.000000000000,0.000000000000,0.000000000000,0.000000000000,0.000000000000,0.000000000000,0.000000000000,0.000000000000,0.000000000000,,start,reference_to_pregrasp
0.050000000,0.000250000000,-0.350000000000,0.350000000000,1.220000000000,0.000000000000,0.010000000000,0.000000000000,0.000000000000,0.000000000000,0.000000000000,0.200000000000,0.000000000000,0.000000000000,0.000000000000,0.000000000000,shoulder_pan,accelerate,reference_to_pregrasp
0.100000000,0.001000000000,-0.350000000000,0.350000000000,1.220000000000,0.000000000000,0.020000000000,0.000000000000,0.000000000000,0.000000000000,0.000000000000,0.200000000000,0.000000000000,0.000000000000,0.000000000000,0.000000000000,shoulder_pan,accelerate,reference_to_pregrasp
0.150000000,0.002250000000,-0.350000000000,0.350000000000,1.220000000000,0.000000000000,0.030000000000,0.000000000000,0.000000000000,0.000000000000,0.000000000000,0.200000000000,0.000000000000,0.000000000000,0.000000000000,0.000000000000,shoulder_pan,accelerate,reference_to_pregrasp
0.200000000,0.004000000000,-0.350000000000,0.350000000000,1.220000000000,0.000000000000,0.040000000000,0.000000000000,0.000000000000,0.000000000000,0.000000000000,0.200000000000,0.000000000000,0.000000000000,0.000000000000,0.000000000000,shoulder_pan,accelerate,reference_to_pregrasp
0.250000000,0.006250000000,-0.350000000000,0.350000000000,1.220000000000,0.000000000000,0.050000000000,0.000000000000,0.000000000000,0.000000000000,0.000000000000,0.200000000000,0.000000000000,0.000000000000,0.000000000000,0.000000000000,shoulder_pan,accelerate,reference_to_pregrasp
0.300000000,0.009000000000,-0.350000000000,0.350000000000,1.220000000000,0.000000000000,0.060000000000,0.000000000000,0.000000000000,0.000000000000,0.000000000000,0.200000000000,0.000000000000,0.000000000000,0.000000000000,0.000000000000,shoulder_pan,accelerate,reference_to_pregrasp
0.350000000,0.012250000000,-0.350000000000,0.350000000000,1.220000000000,0.000000000000,0.070000000000,0.000000000000,0.000000000000,0.000000000000,0.000000000000,0.200000000000,0.000000000000,0.000000000000,0.000000000000,0.000000000000,shoulder_pan,accelerate,reference_to_pregrasp
0.400000000,0.016000000000,-0.350000000000,0.350000000000,1.220000000000,0.000000000000,0.080000000000,0.000000000000,0.000000000000,0.000000000000,0.000000000000,0.000000000000,0.000000000000,0.000000000000,0.000000000000,0.000000000000,shoulder_pan,cruise,reference_to_pregrasp
0.450000000,0.020000000000,-0.350000000000,0.350000000000,1.220000000000,0.000000000000,0.080000000000,0.000000000000,0.000000000000,0.000000000000,0.000000000000,0.000000000000,0.000000000000,0.000000000000,0.000000000000,0.000000000000,shoulder_pan,cruise,reference_to_pregrasp
0.500000000,0.024000000000,-0.350000000000,0.350000000000,1.220000000000,0.000000000000,0.080000000000,0.000000000000,0.000000000000,0.000000000000,0.000000000000,0.000000000000,0.000000000000,0.000000000000,0.000000000000,0.000000000000,shoulder_pan,cruise,reference_to_pregrasp
0.550000000,0.028000000000,-0.350000000000,0.350000000000,1.220000000000,0.000000000000,0.080000000000,0.000000000000,0.000000000000,0.000000000000,0.000000000000,0.000000000000,0.000000000000,0.000000000000,0.000000000000,0.000000000000,shoulder_pan,cruise,reference_to_pregrasp
0.600000000,0.032000000000,-0.350000000000,0.350000000000,1.220000000000,0.000000000000,0.080000000000,0.000000000000,0.000000000000,0.000000000000,0.000000000000,0.000000000000,0.000000000000,0.000000000000,0.000000000000,0.000000000000,shoulder_pan,cruise,reference_to_pregrasp
0.650000000,0.036000000000,-0.350000000000,0.350000000000,1.220000000000,0.000000000000,0.080000000000,0.000000000000,0.000000000000,0.000000000000,0.000000000000,0.000000000000,0.000000000000,0.000000000000,0.000000000000,0.000000000000,shoulder_pan,cruise,reference_to_pregrasp
0.700000000,0.040000000000,-0.350000000000,0.350000000000,1.220000000000,0.000000000000,0.080000000000,0.000000000000,0.000000000000,0.000000000000,0.000000000000,0.000000000000,0.000000000000,0.000000000000,0.000000000000,0.000000000000,shoulder_pan,cruise,reference_to_pregrasp
0.750000000,0.044000000000,-0.350000000000,0.350000000000,1.220000000000,0.000000000000,0.080000000000,0.000000000000,0.000000000000,0.000000000000,0.000000000000,0.000000000000,0.000000000000,0.000000000000,0.000000000000,0.000000000000,shoulder_pan,cruise,reference_to_pregrasp
0.800000000,0.048000000000,-0.350000000000,0.350000000000,1.220000000000,0.000000000000,0.080000000000,0.000000000000,0.000000000000,0.000000000000,0.000000000000,0.000000000000,0.000000000000,0.000000000000,0.000000000000,0.000000000000,shoulder_pan,cruise,reference_to_pregrasp
0.850000000,0.052000000000,-0.350000000000,0.350000000000,1.220000000000,0.000000000000,0.080000000000,0.000000000000,0.000000000000,0.000000000000,0.000000000000,0.000000000000,0.000000000000,0.000000000000,0.000000000000,0.000000000000,shoulder_pan,cruise,reference_to_pregrasp
0.900000000,0.056000000000,-0.350000000000,0.350000000000,1.220000000000,0.000000000000,0.080000000000,0.000000000000,0.000000000000,0.000000000000,0.000000000000,0.000000000000,0.000000000000,0.000000000000,0.000000000000,0.000000000000,shoulder_pan,cruise,reference_to_pregrasp
0.950000000,0.060000000000,-0.350000000000,0.350000000000,1.220000000000,0.000000000000,0.080000000000,0.000000000000,0.000000000000,0.000000000000,0.000000000000,0.000000000000,0.000000000000,0.000000000000,0.000000000000,0.000000000000,shoulder_pan,cruise,reference_to_pregrasp
1.000000000,0.064000000000,-0.350000000000,0.350000000000,1.220000000000,0.000000000000,0.080000000000,0.000000000000,0.000000000000,0.000000000000,0.000000000000,0.000000000000,0.000000000000,0.000000000000,0.000000000000,0.000000000000,shoulder_pan,cruise,reference_to_pregrasp
1.050000000,0.068000000000,-0.350000000000,0.350000000000,1.220000000000,0.000000000000,0.080000000000,0.000000000000,0.000000000000,0.000000000000,0.000000000000,0.000000000000,0.000000000000,0.000000000000,0.000000000000,0.000000000000,shoulder_pan,cruise,reference_to_pregrasp
1.100000000,0.072000000000,-0.350000000000,0.350000000000,1.220000000000,0.000000000000,0.080000000000,0.000000000000,0.000000000000,0.000000000000,0.000000000000,0.000000000000,0.000000000000,0.000000000000,0.000000000000,0.000000000000,shoulder_pan,cruise,reference_to_pregrasp
1.150000000,0.076000000000,-0.350000000000,0.350000000000,1.220000000000,0.000000000000,0.080000000000,0.000000000000,0.000000000000,0.000000000000,0.000000000000,0.000000000000,0.000000000000,0.000000000000,0.000000000000,0.000000000000,shoulder_pan,cruise,reference_to_pregrasp
1.200000000,0.080000000000,-0.350000000000,0.350000000000,1.220000000000,0.000000000000,0.080000000000,0.000000000000,0.000000000000,0.000000000000,0.000000000000,0.000000000000,0.000000000000,0.000000000000,0.000000000000,0.000000000000,shoulder_pan,cruise,reference_to_pregrasp
1.250000000,0.084000000000,-0.350000000000,0.350000000000,1.220000000000,0.000000000000,0.080000000000,0.000000000000,0.000000000000,0.000000000000,0.000000000000,0.000000000000,0.000000000000,0.000000000000,0.000000000000,0.000000000000,shoulder_pan,cruise,reference_to_pregrasp
1.300000000,0.088000000000,-0.350000000000,0.350000000000,1.220000000000,0.000000000000,0.080000000000,0.000000000000,0.000000000000,0.000000000000,0.000000000000,0.000000000000,0.000000000000,0.000000000000,0.000000000000,0.000000000000,shoulder_pan,cruise,reference_to_pregrasp
1.350000000,0.092000000000,-0.350000000000,0.350000000000,1.220000000000,0.000000000000,0.080000000000,0.000000000000,0.000000000000,0.000000000000,0.000000000000,0.000000000000,0.000000000000,0.000000000000,0.000000000000,0.000000000000,shoulder_pan,cruise,reference_to_pregrasp
1.400000000,0.096000000000,-0.350000000000,0.350000000000,1.220000000000,0.000000000000,0.080000000000,0.000000000000,0.000000000000,0.000000000000,0.000000000000,0.000000000000,0.000000000000,0.000000000000,0.000000000000,0.000000000000,shoulder_pan,cruise,reference_to_pregrasp
1.450000000,0.100000000000,-0.350000000000,0.350000000000,1.220000000000,0.000000000000,0.080000000000,0.000000000000,0.000000000000,0.000000000000,0.000000000000,0.000000000000,0.000000000000,0.000000000000,0.000000000000,0.000000000000,shoulder_pan,cruise,reference_to_pregrasp
1.500000000,0.104000000000,-0.350000000000,0.350000000000,1.220000000000,0.000000000000,0.080000000000,0.000000000000,0.000000000000,0.000000000000,0.000000000000,0.000000000000,0.000000000000,0.000000000000,0.000000000000,0.000000000000,shoulder_pan,cruise,reference_to_pregrasp
1.550000000,0.108000000000,-0.350000000000,0.350000000000,1.220000000000,0.000000000000,0.080000000000,0.000000000000,0.000000000000,0.000000000000,0.000000000000,0.000000000000,0.000000000000,0.000000000000,0.000000000000,0.000000000000,shoulder_pan,cruise,reference_to_pregrasp
1.600000000,0.112000000000,-0.350000000000,0.350000000000,1.220000000000,0.000000000000,0.080000000000,0.000000000000,0.000000000000,0.000000000000,0.000000000000,0.000000000000,0.000000000000,0.000000000000,0.000000000000,0.000000000000,shoulder_pan,cruise,reference_to_pregrasp
1.650000000,0.116000000000,-0.350000000000,0.350000000000,1.220000000000,0.000000000000,0.080000000000,0.000000000000,0.000000000000,0.000000000000,0.000000000000,0.000000000000,0.000000000000,0.000000000000,0.000000000000,0.000000000000,shoulder_pan,cruise,reference_to_pregrasp
1.700000000,0.120000000000,-0.350000000000,0.350000000000,1.220000000000,0.000000000000,0.080000000000,0.000000000000,0.000000000000,0.000000000000,0.000000000000,0.000000000000,0.000000000000,0.000000000000,0.000000000000,0.000000000000,shoulder_pan,cruise,reference_to_pregrasp
1.750000000,0.124000000000,-0.350000000000,0.350000000000,1.220000000000,0.000000000000,0.080000000000,0.000000000000,0.000000000000,0.000000000000,0.000000000000,0.000000000000,0.000000000000,0.000000000000,0.000000000000,0.000000000000,shoulder_pan,cruise,reference_to_pregrasp
1.800000000,0.128000000000,-0.350000000000,0.350000000000,1.220000000000,0.000000000000,0.080000000000,0.000000000000,0.000000000000,0.000000000000,0.000000000000,0.000000000000,0.000000000000,0.000000000000,0.000000000000,0.000000000000,shoulder_pan,cruise,reference_to_pregrasp
1.850000000,0.132000000000,-0.350000000000,0.350000000000,1.220000000000,0.000000000000,0.080000000000,0.000000000000,0.000000000000,0.000000000000,0.000000000000,0.000000000000,0.000000000000,0.000000000000,0.000000000000,0.000000000000,shoulder_pan,cruise,reference_to_pregrasp
1.900000000,0.136000000000,-0.350000000000,0.350000000000,1.220000000000,0.000000000000,0.080000000000,0.000000000000,0.000000000000,0.000000000000,0.000000000000,0.000000000000,0.000000000000,0.000000000000,0.000000000000,0.000000000000,shoulder_pan,cruise,reference_to_pregrasp
1.950000000,0.140000000000,-0.350000000000,0.350000000000,1.220000000000,0.000000000000,0.080000000000,0.000000000000,0.000000000000,0.000000000000,0.000000000000,0.000000000000,0.000000000000,0.000000000000,0.000000000000,0.000000000000,shoulder_pan,cruise,reference_to_pregrasp
2.000000000,0.144000000000,-0.350000000000,0.350000000000,1.220000000000,0.000000000000,0.080000000000,0.000000000000,0.000000000000,0.000000000000,0.000000000000,0.000000000000,0.000000000000,0.000000000000,0.000000000000,0.000000000000,shoulder_pan,cruise,reference_to_pregrasp
2.050000000,0.148000000000,-0.350000000000,0.350000000000,1.220000000000,0.000000000000,0.080000000000,0.000000000000,0.000000000000,0.000000000000,0.000000000000,0.000000000000,0.000000000000,0.000000000000,0.000000000000,0.000000000000,shoulder_pan,cruise,reference_to_pregrasp
2.100000000,0.152000000000,-0.350000000000,0.350000000000,1.220000000000,0.000000000000,0.080000000000,0.000000000000,0.000000000000,0.000000000000,0.000000000000,0.000000000000,0.000000000000,0.000000000000,0.000000000000,0.000000000000,shoulder_pan,cruise,reference_to_pregrasp
2.150000000,0.156000000000,-0.350000000000,0.350000000000,1.220000000000,0.000000000000,0.080000000000,0.000000000000,0.000000000000,0.000000000000,0.000000000000,0.000000000000,0.000000000000,0.000000000000,0.000000000000,0.000000000000,shoulder_pan,cruise,reference_to_pregrasp
2.200000000,0.160000000000,-0.350000000000,0.350000000000,1.220000000000,0.000000000000,0.080000000000,0.000000000000,0.000000000000,0.000000000000,0.000000000000,0.000000000000,0.000000000000,0.000000000000,0.000000000000,0.000000000000,shoulder_pan,cruise,reference_to_pregrasp
2.250000000,0.164000000000,-0.350000000000,0.350000000000,1.220000000000,0.000000000000,0.080000000000,0.000000000000,0.000000000000,0.000000000000,0.000000000000,0.000000000000,0.000000000000,0.000000000000,0.000000000000,0.000000000000,shoulder_pan,cruise,reference_to_pregrasp
2.300000000,0.168000000000,-0.350000000000,0.350000000000,1.220000000000,0.000000000000,0.080000000000,0.000000000000,0.000000000000,0.000000000000,0.000000000000,0.000000000000,0.000000000000,0.000000000000,0.000000000000,0.000000000000,shoulder_pan,cruise,reference_to_pregrasp
2.350000000,0.172000000000,-0.350000000000,0.350000000000,1.220000000000,0.000000000000,0.080000000000,0.000000000000,0.000000000000,0.000000000000,0.000000000000,0.000000000000,0.000000000000,0.000000000000,0.000000000000,0.000000000000,shoulder_pan,cruise,reference_to_pregrasp
2.400000000,0.176000000000,-0.350000000000,0.350000000000,1.220000000000,0.000000000000,0.080000000000,0.000000000000,0.000000000000,0.000000000000,0.000000000000,0.000000000000,0.000000000000,0.000000000000,0.000000000000,0.000000000000,shoulder_pan,cruise,reference_to_pregrasp
2.450000000,0.180000000000,-0.350000000000,0.350000000000,1.220000000000,0.000000000000,0.080000000000,0.000000000000,0.000000000000,0.000000000000,0.000000000000,0.000000000000,0.000000000000,0.000000000000,0.000000000000,0.000000000000,shoulder_pan,cruise,reference_to_pregrasp
2.500000000,0.184000000000,-0.350000000000,0.350000000000,1.220000000000,0.000000000000,0.080000000000,0.000000000000,0.000000000000,0.000000000000,0.000000000000,0.000000000000,0.000000000000,0.000000000000,0.000000000000,0.000000000000,shoulder_pan,cruise,reference_to_pregrasp
2.550000000,0.188000000000,-0.350000000000,0.350000000000,1.220000000000,0.000000000000,0.080000000000,0.000000000000,0.000000000000,0.000000000000,0.000000000000,0.000000000000,0.000000000000,0.000000000000,0.000000000000,0.000000000000,shoulder_pan,cruise,reference_to_pregrasp
2.600000000,0.192000000000,-0.350000000000,0.350000000000,1.220000000000,0.000000000000,0.080000000000,0.000000000000,0.000000000000,0.000000000000,0.000000000000,0.000000000000,0.000000000000,0.000000000000,0.000000000000,0.000000000000,shoulder_pan,cruise,reference_to_pregrasp
2.650000000,0.196000000000,-0.350000000000,0.350000000000,1.220000000000,0.000000000000,0.080000000000,0.000000000000,0.000000000000,0.000000000000,0.000000000000,0.000000000000,0.000000000000,0.000000000000,0.000000000000,0.000000000000,shoulder_pan,cruise,reference_to_pregrasp
2.700000000,0.200000000000,-0.350000000000,0.350000000000,1.220000000000,0.000000000000,0.080000000000,0.000000000000,0.000000000000,0.000000000000,0.000000000000,0.000000000000,0.000000000000,0.000000000000,0.000000000000,0.000000000000,shoulder_pan,cruise,reference_to_pregrasp
2.750000000,0.204000000000,-0.350000000000,0.350000000000,1.220000000000,0.000000000000,0.080000000000,0.000000000000,0.000000000000,0.000000000000,0.000000000000,0.000000000000,0.000000000000,0.000000000000,0.000000000000,0.000000000000,shoulder_pan,cruise,reference_to_pregrasp
2.800000000,0.208000000000,-0.350000000000,0.350000000000,1.220000000000,0.000000000000,0.080000000000,0.000000000000,0.000000000000,0.000000000000,0.000000000000,0.000000000000,0.000000000000,0.000000000000,0.000000000000,0.000000000000,shoulder_pan,cruise,reference_to_pregrasp
2.850000000,0.212000000000,-0.350000000000,0.350000000000,1.220000000000,0.000000000000,0.080000000000,0.000000000000,0.000000000000,0.000000000000,0.000000000000,0.000000000000,0.000000000000,0.000000000000,0.000000000000,0.000000000000,shoulder_pan,cruise,reference_to_pregrasp
2.900000000,0.216000000000,-0.350000000000,0.350000000000,1.220000000000,0.000000000000,0.080000000000,0.000000000000,0.000000000000,0.000000000000,0.000000000000,0.000000000000,0.000000000000,0.000000000000,0.000000000000,0.000000000000,shoulder_pan,cruise,reference_to_pregrasp
2.950000000,0.220000000000,-0.350000000000,0.350000000000,1.220000000000,0.000000000000,0.080000000000,0.000000000000,0.000000000000,0.000000000000,0.000000000000,0.000000000000,0.000000000000,0.000000000000,0.000000000000,0.000000000000,shoulder_pan,cruise,reference_to_pregrasp
3.000000000,0.224000000000,-0.350000000000,0.350000000000,1.220000000000,0.000000000000,0.080000000000,0.000000000000,0.000000000000,0.000000000000,0.000000000000,0.000000000000,0.000000000000,0.000000000000,0.000000000000,0.000000000000,shoulder_pan,cruise,reference_to_pregrasp
3.050000000,0.228000000000,-0.350000000000,0.350000000000,1.220000000000,0.000000000000,0.080000000000,0.000000000000,0.000000000000,0.000000000000,0.000000000000,0.000000000000,0.000000000000,0.000000000000,0.000000000000,0.000000000000,shoulder_pan,cruise,reference_to_pregrasp
3.100000000,0.232000000000,-0.350000000000,0.350000000000,1.220000000000,0.000000000000,0.080000000000,0.000000000000,0.000000000000,0.000000000000,0.000000000000,0.000000000000,0.000000000000,0.000000000000,0.000000000000,0.000000000000,shoulder_pan,cruise,reference_to_pregrasp
3.150000000,0.236000000000,-0.350000000000,0.350000000000,1.220000000000,0.000000000000,0.080000000000,0.000000000000,0.000000000000,0.000000000000,0.000000000000,0.000000000000,0.000000000000,0.000000000000,0.000000000000,0.000000000000,shoulder_pan,cruise,reference_to_pregrasp
3.200000000,0.240000000000,-0.350000000000,0.350000000000,1.220000000000,0.000000000000,0.080000000000,0.000000000000,0.000000000000,0.000000000000,0.000000000000,0.000000000000,0.000000000000,0.000000000000,0.000000000000,0.000000000000,shoulder_pan,cruise,reference_to_pregrasp
3.250000000,0.243999183703,-0.350000000000,0.350000000000,1.220000000000,0.000000000000,0.079428581763,0.000000000000,0.000000000000,0.000000000000,0.000000000000,-0.200000000000,0.000000000000,0.000000000000,0.000000000000,0.000000000000,shoulder_pan,decelerate,reference_to_pregrasp
3.300000000,0.247720612791,-0.350000000000,0.350000000000,1.220000000000,0.000000000000,0.069428581763,0.000000000000,0.000000000000,0.000000000000,0.000000000000,-0.200000000000,0.000000000000,0.000000000000,0.000000000000,0.000000000000,shoulder_pan,decelerate,reference_to_pregrasp
3.350000000,0.250942041879,-0.350000000000,0.350000000000,1.220000000000,0.000000000000,0.059428581763,0.000000000000,0.000000000000,0.000000000000,0.000000000000,-0.200000000000,0.000000000000,0.000000000000,0.000000000000,0.000000000000,shoulder_pan,decelerate,reference_to_pregrasp
3.400000000,0.253663470967,-0.350000000000,0.350000000000,1.220000000000,0.000000000000,0.049428581763,0.000000000000,0.000000000000,0.000000000000,0.000000000000,-0.200000000000,0.000000000000,0.000000000000,0.000000000000,0.000000000000,shoulder_pan,decelerate,reference_to_pregrasp
3.450000000,0.255884900056,-0.350000000000,0.350000000000,1.220000000000,0.000000000000,0.039428581763,0.000000000000,0.000000000000,0.000000000000,0.000000000000,-0.200000000000,0.000000000000,0.000000000000,0.000000000000,0.000000000000,shoulder_pan,decelerate,reference_to_pregrasp
3.500000000,0.257606329144,-0.350000000000,0.350000000000,1.220000000000,0.000000000000,0.029428581763,0.000000000000,0.000000000000,0.000000000000,0.000000000000,-0.200000000000,0.000000000000,0.000000000000,0.000000000000,0.000000000000,shoulder_pan,decelerate,reference_to_pregrasp
3.550000000,0.258827758232,-0.350000000000,0.350000000000,1.220000000000,0.000000000000,0.019428581763,0.000000000000,0.000000000000,0.000000000000,0.000000000000,-0.200000000000,0.000000000000,0.000000000000,0.000000000000,0.000000000000,shoulder_pan,decelerate,reference_to_pregrasp
3.600000000,0.259549187320,-0.350000000000,0.350000000000,1.220000000000,0.000000000000,0.009428581763,0.000000000000,0.000000000000,0.000000000000,0.000000000000,-0.200000000000,0.000000000000,0.000000000000,0.000000000000,0.000000000000,shoulder_pan,decelerate,reference_to_pregrasp
3.647142909,0.259771432705,-0.350000000000,0.350000000000,1.220000000000,0.000000000000,0.000000000000,0.000000000000,0.000000000000,0.000000000000,0.000000000000,0.000000000000,0.000000000000,0.000000000000,0.000000000000,0.000000000000,,end,reference_to_pregrasp
3.697142909,0.259771432705,-0.350000000000,0.350000000000,1.220000000000,0.000000000000,0.000000000000,0.000000000000,0.000000000000,0.000000000000,0.000000000000,0.000000000000,0.000000000000,0.000000000000,0.000000000000,0.000000000000,,settle,reference_to_pregrasp
3.747142909,0.259771432705,-0.350000000000,0.350000000000,1.220000000000,0.000000000000,0.000000000000,0.000000000000,0.000000000000,0.000000000000,0.000000000000,0.000000000000,0.000000000000,0.000000000000,0.000000000000,0.000000000000,,settle,reference_to_pregrasp
3.797142909,0.259771432705,-0.350000000000,0.350000000000,1.220000000000,0.000000000000,0.000000000000,0.000000000000,0.000000000000,0.000000000000,0.000000000000,0.000000000000,0.000000000000,0.000000000000,0.000000000000,0.000000000000,,settle,reference_to_pregrasp
3.847142909,0.259771432705,-0.350000000000,0.350000000000,1.220000000000,0.000000000000,0.000000000000,0.000000000000,0.000000000000,0.000000000000,0.000000000000,0.000000000000,0.000000000000,0.000000000000,0.000000000000,0.000000000000,,settle,reference_to_pregrasp
3.897142909,0.259771432705,-0.349750000000,0.350000000000,1.220000000000,0.000000000000,0.000000000000,0.010000000000,0.000000000000,0.000000000000,0.000000000000,0.000000000000,0.200000000000,0.000000000000,0.000000000000,0.000000000000,shoulder_lift,accelerate,reference_to_pregrasp
3.947142909,0.259771432705,-0.349000000000,0.350000000000,1.220000000000,0.000000000000,0.000000000000,0.020000000000,0.000000000000,0.000000000000,0.000000000000,0.000000000000,0.200000000000,0.000000000000,0.000000000000,0.000000000000,shoulder_lift,accelerate,reference_to_pregrasp
3.997142909,0.259771432705,-0.347750000000,0.350000000000,1.220000000000,0.000000000000,0.000000000000,0.030000000000,0.000000000000,0.000000000000,0.000000000000,0.000000000000,0.200000000000,0.000000000000,0.000000000000,0.000000000000,shoulder_lift,accelerate,reference_to_pregrasp
4.047142909,0.259771432705,-0.346023576480,0.350000000000,1.220000000000,0.000000000000,0.000000000000,0.035657053572,0.000000000000,0.000000000000,0.000000000000,0.000000000000,-0.200000000000,0.000000000000,0.000000000000,0.000000000000,shoulder_lift,decelerate,reference_to_pregrasp
4.097142909,0.259771432705,-0.344490723801,0.350000000000,1.220000000000,0.000000000000,0.000000000000,0.025657053572,0.000000000000,0.000000000000,0.000000000000,0.000000000000,-0.200000000000,0.000000000000,0.000000000000,0.000000000000,shoulder_lift,decelerate,reference_to_pregrasp
4.147142909,0.259771432705,-0.343457871122,0.350000000000,1.220000000000,0.000000000000,0.000000000000,0.015657053572,0.000000000000,0.000000000000,0.000000000000,0.000000000000,-0.200000000000,0.000000000000,0.000000000000,0.000000000000,shoulder_lift,decelerate,reference_to_pregrasp
4.197142909,0.259771432705,-0.342925018444,0.350000000000,1.220000000000,0.000000000000,0.000000000000,0.005657053572,0.000000000000,0.000000000000,0.000000000000,0.000000000000,-0.200000000000,0.000000000000,0.000000000000,0.000000000000,shoulder_lift,decelerate,reference_to_pregrasp
4.225428177,0.259771432705,-0.342845012806,0.350000000000,1.220000000000,0.000000000000,0.000000000000,0.000000000000,0.000000000000,0.000000000000,0.000000000000,0.000000000000,0.000000000000,0.000000000000,0.000000000000,0.000000000000,,end,reference_to_pregrasp
4.275428177,0.259771432705,-0.342845012806,0.350000000000,1.220000000000,0.000000000000,0.000000000000,0.000000000000,0.000000000000,0.000000000000,0.000000000000,0.000000000000,0.000000000000,0.000000000000,0.000000000000,0.000000000000,,settle,reference_to_pregrasp
4.325428177,0.259771432705,-0.342845012806,0.350000000000,1.220000000000,0.000000000000,0.000000000000,0.000000000000,0.000000000000,0.000000000000,0.000000000000,0.000000000000,0.000000000000,0.000000000000,0.000000000000,0.000000000000,,settle,reference_to_pregrasp
4.375428177,0.259771432705,-0.342845012806,0.350000000000,1.220000000000,0.000000000000,0.000000000000,0.000000000000,0.000000000000,0.000000000000,0.000000000000,0.000000000000,0.000000000000,0.000000000000,0.000000000000,0.000000000000,,settle,reference_to_pregrasp
4.425428177,0.259771432705,-0.342845012806,0.350000000000,1.220000000000,0.000000000000,0.000000000000,0.000000000000,0.000000000000,0.000000000000,0.000000000000,0.000000000000,0.000000000000,0.000000000000,0.000000000000,0.000000000000,,settle,reference_to_pregrasp
4.475428177,0.259771432705,-0.342845012806,0.349750000000,1.220000000000,0.000000000000,0.000000000000,0.000000000000,-0.010000000000,0.000000000000,0.000000000000,0.000000000000,0.000000000000,-0.200000000000,0.000000000000,0.000000000000,elbow_flex,accelerate,reference_to_pregrasp
4.525428177,0.259771432705,-0.342845012806,0.349000000000,1.220000000000,0.000000000000,0.000000000000,0.000000000000,-0.020000000000,0.000000000000,0.000000000000,0.000000000000,0.000000000000,-0.200000000000,0.000000000000,0.000000000000,elbow_flex,accelerate,reference_to_pregrasp
4.575428177,0.259771432705,-0.342845012806,0.347750000000,1.220000000000,0.000000000000,0.000000000000,0.000000000000,-0.030000000000,0.000000000000,0.000000000000,0.000000000000,0.000000000000,-0.200000000000,0.000000000000,0.000000000000,elbow_flex,accelerate,reference_to_pregrasp
4.625428177,0.259771432705,-0.342845012806,0.346000000000,1.220000000000,0.000000000000,0.000000000000,0.000000000000,-0.040000000000,0.000000000000,0.000000000000,0.000000000000,0.000000000000,-0.200000000000,0.000000000000,0.000000000000,elbow_flex,accelerate,reference_to_pregrasp
4.675428177,0.259771432705,-0.342845012806,0.343750000000,1.220000000000,0.000000000000,0.000000000000,0.000000000000,-0.050000000000,0.000000000000,0.000000000000,0.000000000000,0.000000000000,-0.200000000000,0.000000000000,0.000000000000,elbow_flex,accelerate,reference_to_pregrasp
4.725428177,0.259771432705,-0.342845012806,0.341000000000,1.220000000000,0.000000000000,0.000000000000,0.000000000000,-0.060000000000,0.000000000000,0.000000000000,0.000000000000,0.000000000000,-0.200000000000,0.000000000000,0.000000000000,elbow_flex,accelerate,reference_to_pregrasp
4.775428177,0.259771432705,-0.342845012806,0.338064923897,1.220000000000,0.000000000000,0.000000000000,0.000000000000,-0.054127409872,0.000000000000,0.000000000000,0.000000000000,0.000000000000,0.200000000000,0.000000000000,0.000000000000,elbow_flex,decelerate,reference_to_pregrasp
4.825428177,0.259771432705,-0.342845012806,0.335608553403,1.220000000000,0.000000000000,0.000000000000,0.000000000000,-0.044127409872,0.000000000000,0.000000000000,0.000000000000,0.000000000000,0.200000000000,0.000000000000,0.000000000000,elbow_flex,decelerate,reference_to_pregrasp
4.875428177,0.259771432705,-0.342845012806,0.333652182910,1.220000000000,0.000000000000,0.000000000000,0.000000000000,-0.034127409872,0.000000000000,0.000000000000,0.000000000000,0.000000000000,0.200000000000,0.000000000000,0.000000000000,elbow_flex,decelerate,reference_to_pregrasp
4.925428177,0.259771432705,-0.342845012806,0.332195812416,1.220000000000,0.000000000000,0.000000000000,0.000000000000,-0.024127409872,0.000000000000,0.000000000000,0.000000000000,0.000000000000,0.200000000000,0.000000000000,0.000000000000,elbow_flex,decelerate,reference_to_pregrasp
4.975428177,0.259771432705,-0.342845012806,0.331239441922,1.220000000000,0.000000000000,0.000000000000,0.000000000000,-0.014127409872,0.000000000000,0.000000000000,0.000000000000,0.000000000000,0.200000000000,0.000000000000,0.000000000000,elbow_flex,decelerate,reference_to_pregrasp
5.025428177,0.259771432705,-0.342845012806,0.330783071429,1.220000000000,0.000000000000,0.000000000000,0.000000000000,-0.004127409872,0.000000000000,0.000000000000,0.000000000000,0.000000000000,0.200000000000,0.000000000000,0.000000000000,elbow_flex,decelerate,reference_to_pregrasp
5.046065226,0.259771432705,-0.342845012806,0.330740482648,1.220000000000,0.000000000000,0.000000000000,0.000000000000,0.000000000000,0.000000000000,0.000000000000,0.000000000000,0.000000000000,0.000000000000,0.000000000000,0.000000000000,,end,reference_to_pregrasp
5.096065226,0.259771432705,-0.342845012806,0.330740482648,1.220000000000,0.000000000000,0.000000000000,0.000000000000,0.000000000000,0.000000000000,0.000000000000,0.000000000000,0.000000000000,0.000000000000,0.000000000000,0.000000000000,,settle,reference_to_pregrasp
5.146065226,0.259771432705,-0.342845012806,0.330740482648,1.220000000000,0.000000000000,0.000000000000,0.000000000000,0.000000000000,0.000000000000,0.000000000000,0.000000000000,0.000000000000,0.000000000000,0.000000000000,0.000000000000,,settle,reference_to_pregrasp
5.196065226,0.259771432705,-0.342845012806,0.330740482648,1.220000000000,0.000000000000,0.000000000000,0.000000000000,0.000000000000,0.000000000000,0.000000000000,0.000000000000,0.000000000000,0.000000000000,0.000000000000,0.000000000000,,settle,reference_to_pregrasp
5.246065226,0.259771432705,-0.342845012806,0.330740482648,1.220000000000,0.000000000000,0.000000000000,0.000000000000,0.000000000000,0.000000000000,0.000000000000,0.000000000000,0.000000000000,0.000000000000,0.000000000000,0.000000000000,,settle,reference_to_pregrasp
5.296065226,0.259771432705,-0.342845012806,0.330740482648,1.220250000000,0.000000000000,0.000000000000,0.000000000000,0.000000000000,0.010000000000,0.000000000000,0.000000000000,0.000000000000,0.000000000000,0.200000000000,0.000000000000,wrist_flex,accelerate,reference_to_pregrasp
5.346065226,0.259771432705,-0.342845012806,0.330740482648,1.221000000000,0.000000000000,0.000000000000,0.000000000000,0.000000000000,0.020000000000,0.000000000000,0.000000000000,0.000000000000,0.000000000000,0.200000000000,0.000000000000,wrist_flex,accelerate,reference_to_pregrasp
5.396065226,0.259771432705,-0.342845012806,0.330740482648,1.222250000000,0.000000000000,0.000000000000,0.000000000000,0.000000000000,0.030000000000,0.000000000000,0.000000000000,0.000000000000,0.000000000000,0.200000000000,0.000000000000,wrist_flex,accelerate,reference_to_pregrasp
5.446065226,0.259771432705,-0.342845012806,0.330740482648,1.224000000000,0.000000000000,0.000000000000,0.000000000000,0.000000000000,0.040000000000,0.000000000000,0.000000000000,0.000000000000,0.000000000000,0.200000000000,0.000000000000,wrist_flex,accelerate,reference_to_pregrasp
5.496065226,0.259771432705,-0.342845012806,0.330740482648,1.226250000000,0.000000000000,0.000000000000,0.000000000000,0.000000000000,0.050000000000,0.000000000000,0.000000000000,0.000000000000,0.000000000000,0.200000000000,0.000000000000,wrist_flex,accelerate,reference_to_pregrasp
5.546065226,0.259771432705,-0.342845012806,0.330740482648,1.229000000000,0.000000000000,0.000000000000,0.000000000000,0.000000000000,0.060000000000,0.000000000000,0.000000000000,0.000000000000,0.000000000000,0.200000000000,0.000000000000,wrist_flex,accelerate,reference_to_pregrasp
5.596065226,0.259771432705,-0.342845012806,0.330740482648,1.232250000000,0.000000000000,0.000000000000,0.000000000000,0.000000000000,0.070000000000,0.000000000000,0.000000000000,0.000000000000,0.000000000000,0.200000000000,0.000000000000,wrist_flex,accelerate,reference_to_pregrasp
5.646065226,0.259771432705,-0.342845012806,0.330740482648,1.236000000000,0.000000000000,0.000000000000,0.000000000000,0.000000000000,0.080000000000,0.000000000000,0.000000000000,0.000000000000,0.000000000000,0.000000000000,0.000000000000,wrist_flex,cruise,reference_to_pregrasp
5.696065226,0.259771432705,-0.342845012806,0.330740482648,1.240000000000,0.000000000000,0.000000000000,0.000000000000,0.000000000000,0.080000000000,0.000000000000,0.000000000000,0.000000000000,0.000000000000,0.000000000000,0.000000000000,wrist_flex,cruise,reference_to_pregrasp
5.746065226,0.259771432705,-0.342845012806,0.330740482648,1.244000000000,0.000000000000,0.000000000000,0.000000000000,0.000000000000,0.080000000000,0.000000000000,0.000000000000,0.000000000000,0.000000000000,0.000000000000,0.000000000000,wrist_flex,cruise,reference_to_pregrasp
5.796065226,0.259771432705,-0.342845012806,0.330740482648,1.248000000000,0.000000000000,0.000000000000,0.000000000000,0.000000000000,0.080000000000,0.000000000000,0.000000000000,0.000000000000,0.000000000000,0.000000000000,0.000000000000,wrist_flex,cruise,reference_to_pregrasp
5.846065226,0.259771432705,-0.342845012806,0.330740482648,1.252000000000,0.000000000000,0.000000000000,0.000000000000,0.000000000000,0.080000000000,0.000000000000,0.000000000000,0.000000000000,0.000000000000,0.000000000000,0.000000000000,wrist_flex,cruise,reference_to_pregrasp
5.896065226,0.259771432705,-0.342845012806,0.330740482648,1.256000000000,0.000000000000,0.000000000000,0.000000000000,0.000000000000,0.080000000000,0.000000000000,0.000000000000,0.000000000000,0.000000000000,0.000000000000,0.000000000000,wrist_flex,cruise,reference_to_pregrasp
5.946065226,0.259771432705,-0.342845012806,0.330740482648,1.260000000000,0.000000000000,0.000000000000,0.000000000000,0.000000000000,0.080000000000,0.000000000000,0.000000000000,0.000000000000,0.000000000000,0.000000000000,0.000000000000,wrist_flex,cruise,reference_to_pregrasp
5.996065226,0.259771432705,-0.342845012806,0.330740482648,1.264000000000,0.000000000000,0.000000000000,0.000000000000,0.000000000000,0.080000000000,0.000000000000,0.000000000000,0.000000000000,0.000000000000,0.000000000000,0.000000000000,wrist_flex,cruise,reference_to_pregrasp
6.046065226,0.259771432705,-0.342845012806,0.330740482648,1.268000000000,0.000000000000,0.000000000000,0.000000000000,0.000000000000,0.080000000000,0.000000000000,0.000000000000,0.000000000000,0.000000000000,0.000000000000,0.000000000000,wrist_flex,cruise,reference_to_pregrasp
6.096065226,0.259771432705,-0.342845012806,0.330740482648,1.272000000000,0.000000000000,0.000000000000,0.000000000000,0.000000000000,0.080000000000,0.000000000000,0.000000000000,0.000000000000,0.000000000000,0.000000000000,0.000000000000,wrist_flex,cruise,reference_to_pregrasp
6.146065226,0.259771432705,-0.342845012806,0.330740482648,1.276000000000,0.000000000000,0.000000000000,0.000000000000,0.000000000000,0.080000000000,0.000000000000,0.000000000000,0.000000000000,0.000000000000,0.000000000000,0.000000000000,wrist_flex,cruise,reference_to_pregrasp
6.196065226,0.259771432705,-0.342845012806,0.330740482648,1.280000000000,0.000000000000,0.000000000000,0.000000000000,0.000000000000,0.080000000000,0.000000000000,0.000000000000,0.000000000000,0.000000000000,0.000000000000,0.000000000000,wrist_flex,cruise,reference_to_pregrasp
6.246065226,0.259771432705,-0.342845012806,0.330740482648,1.284000000000,0.000000000000,0.000000000000,0.000000000000,0.000000000000,0.080000000000,0.000000000000,0.000000000000,0.000000000000,0.000000000000,0.000000000000,0.000000000000,wrist_flex,cruise,reference_to_pregrasp
6.296065226,0.259771432705,-0.342845012806,0.330740482648,1.288000000000,0.000000000000,0.000000000000,0.000000000000,0.000000000000,0.080000000000,0.000000000000,0.000000000000,0.000000000000,0.000000000000,0.000000000000,0.000000000000,wrist_flex,cruise,reference_to_pregrasp
6.346065226,0.259771432705,-0.342845012806,0.330740482648,1.292000000000,0.000000000000,0.000000000000,0.000000000000,0.000000000000,0.080000000000,0.000000000000,0.000000000000,0.000000000000,0.000000000000,0.000000000000,0.000000000000,wrist_flex,cruise,reference_to_pregrasp
6.396065226,0.259771432705,-0.342845012806,0.330740482648,1.296000000000,0.000000000000,0.000000000000,0.000000000000,0.000000000000,0.080000000000,0.000000000000,0.000000000000,0.000000000000,0.000000000000,0.000000000000,0.000000000000,wrist_flex,cruise,reference_to_pregrasp
6.446065226,0.259771432705,-0.342845012806,0.330740482648,1.300000000000,0.000000000000,0.000000000000,0.000000000000,0.000000000000,0.080000000000,0.000000000000,0.000000000000,0.000000000000,0.000000000000,0.000000000000,0.000000000000,wrist_flex,cruise,reference_to_pregrasp
6.496065226,0.259771432705,-0.342845012806,0.330740482648,1.304000000000,0.000000000000,0.000000000000,0.000000000000,0.000000000000,0.080000000000,0.000000000000,0.000000000000,0.000000000000,0.000000000000,0.000000000000,0.000000000000,wrist_flex,cruise,reference_to_pregrasp
6.546065226,0.259771432705,-0.342845012806,0.330740482648,1.308000000000,0.000000000000,0.000000000000,0.000000000000,0.000000000000,0.080000000000,0.000000000000,0.000000000000,0.000000000000,0.000000000000,0.000000000000,0.000000000000,wrist_flex,cruise,reference_to_pregrasp
6.596065226,0.259771432705,-0.342845012806,0.330740482648,1.312000000000,0.000000000000,0.000000000000,0.000000000000,0.000000000000,0.080000000000,0.000000000000,0.000000000000,0.000000000000,0.000000000000,0.000000000000,0.000000000000,wrist_flex,cruise,reference_to_pregrasp
6.646065226,0.259771432705,-0.342845012806,0.330740482648,1.316000000000,0.000000000000,0.000000000000,0.000000000000,0.000000000000,0.080000000000,0.000000000000,0.000000000000,0.000000000000,0.000000000000,0.000000000000,0.000000000000,wrist_flex,cruise,reference_to_pregrasp
6.696065226,0.259771432705,-0.342845012806,0.330740482648,1.320000000000,0.000000000000,0.000000000000,0.000000000000,0.000000000000,0.080000000000,0.000000000000,0.000000000000,0.000000000000,0.000000000000,0.000000000000,0.000000000000,wrist_flex,cruise,reference_to_pregrasp
6.746065226,0.259771432705,-0.342845012806,0.330740482648,1.324000000000,0.000000000000,0.000000000000,0.000000000000,0.000000000000,0.080000000000,0.000000000000,0.000000000000,0.000000000000,0.000000000000,0.000000000000,0.000000000000,wrist_flex,cruise,reference_to_pregrasp
6.796065226,0.259771432705,-0.342845012806,0.330740482648,1.328000000000,0.000000000000,0.000000000000,0.000000000000,0.000000000000,0.080000000000,0.000000000000,0.000000000000,0.000000000000,0.000000000000,0.000000000000,0.000000000000,wrist_flex,cruise,reference_to_pregrasp
6.846065226,0.259771432705,-0.342845012806,0.330740482648,1.332000000000,0.000000000000,0.000000000000,0.000000000000,0.000000000000,0.080000000000,0.000000000000,0.000000000000,0.000000000000,0.000000000000,0.000000000000,0.000000000000,wrist_flex,cruise,reference_to_pregrasp
6.896065226,0.259771432705,-0.342845012806,0.330740482648,1.336000000000,0.000000000000,0.000000000000,0.000000000000,0.000000000000,0.080000000000,0.000000000000,0.000000000000,0.000000000000,0.000000000000,0.000000000000,0.000000000000,wrist_flex,cruise,reference_to_pregrasp
6.946065226,0.259771432705,-0.342845012806,0.330740482648,1.340000000000,0.000000000000,0.000000000000,0.000000000000,0.000000000000,0.080000000000,0.000000000000,0.000000000000,0.000000000000,0.000000000000,0.000000000000,0.000000000000,wrist_flex,cruise,reference_to_pregrasp
6.996065226,0.259771432705,-0.342845012806,0.330740482648,1.344000000000,0.000000000000,0.000000000000,0.000000000000,0.000000000000,0.080000000000,0.000000000000,0.000000000000,0.000000000000,0.000000000000,0.000000000000,0.000000000000,wrist_flex,cruise,reference_to_pregrasp
7.046065226,0.259771432705,-0.342845012806,0.330740482648,1.348000000000,0.000000000000,0.000000000000,0.000000000000,0.000000000000,0.080000000000,0.000000000000,0.000000000000,0.000000000000,0.000000000000,0.000000000000,0.000000000000,wrist_flex,cruise,reference_to_pregrasp
7.096065226,0.259771432705,-0.342845012806,0.330740482648,1.352000000000,0.000000000000,0.000000000000,0.000000000000,0.000000000000,0.080000000000,0.000000000000,0.000000000000,0.000000000000,0.000000000000,0.000000000000,0.000000000000,wrist_flex,cruise,reference_to_pregrasp
7.146065226,0.259771432705,-0.342845012806,0.330740482648,1.356000000000,0.000000000000,0.000000000000,0.000000000000,0.000000000000,0.080000000000,0.000000000000,0.000000000000,0.000000000000,0.000000000000,0.000000000000,0.000000000000,wrist_flex,cruise,reference_to_pregrasp
7.196065226,0.259771432705,-0.342845012806,0.330740482648,1.360000000000,0.000000000000,0.000000000000,0.000000000000,0.000000000000,0.080000000000,0.000000000000,0.000000000000,0.000000000000,0.000000000000,0.000000000000,0.000000000000,wrist_flex,cruise,reference_to_pregrasp
7.246065226,0.259771432705,-0.342845012806,0.330740482648,1.364000000000,0.000000000000,0.000000000000,0.000000000000,0.000000000000,0.080000000000,0.000000000000,0.000000000000,0.000000000000,0.000000000000,0.000000000000,0.000000000000,wrist_flex,cruise,reference_to_pregrasp
7.296065226,0.259771432705,-0.342845012806,0.330740482648,1.368000000000,0.000000000000,0.000000000000,0.000000000000,0.000000000000,0.080000000000,0.000000000000,0.000000000000,0.000000000000,0.000000000000,0.000000000000,0.000000000000,wrist_flex,cruise,reference_to_pregrasp
7.346065226,0.259771432705,-0.342845012806,0.330740482648,1.372000000000,0.000000000000,0.000000000000,0.000000000000,0.000000000000,0.080000000000,0.000000000000,0.000000000000,0.000000000000,0.000000000000,0.000000000000,0.000000000000,wrist_flex,cruise,reference_to_pregrasp
7.396065226,0.259771432705,-0.342845012806,0.330740482648,1.376000000000,0.000000000000,0.000000000000,0.000000000000,0.000000000000,0.080000000000,0.000000000000,0.000000000000,0.000000000000,0.000000000000,0.000000000000,0.000000000000,wrist_flex,cruise,reference_to_pregrasp
7.446065226,0.259771432705,-0.342845012806,0.330740482648,1.380000000000,0.000000000000,0.000000000000,0.000000000000,0.000000000000,0.080000000000,0.000000000000,0.000000000000,0.000000000000,0.000000000000,0.000000000000,0.000000000000,wrist_flex,cruise,reference_to_pregrasp
7.496065226,0.259771432705,-0.342845012806,0.330740482648,1.384000000000,0.000000000000,0.000000000000,0.000000000000,0.000000000000,0.080000000000,0.000000000000,0.000000000000,0.000000000000,0.000000000000,0.000000000000,0.000000000000,wrist_flex,cruise,reference_to_pregrasp
7.546065226,0.259771432705,-0.342845012806,0.330740482648,1.388000000000,0.000000000000,0.000000000000,0.000000000000,0.000000000000,0.080000000000,0.000000000000,0.000000000000,0.000000000000,0.000000000000,0.000000000000,0.000000000000,wrist_flex,cruise,reference_to_pregrasp
7.596065226,0.259771432705,-0.342845012806,0.330740482648,1.392000000000,0.000000000000,0.000000000000,0.000000000000,0.000000000000,0.080000000000,0.000000000000,0.000000000000,0.000000000000,0.000000000000,0.000000000000,0.000000000000,wrist_flex,cruise,reference_to_pregrasp
7.646065226,0.259771432705,-0.342845012806,0.330740482648,1.396000000000,0.000000000000,0.000000000000,0.000000000000,0.000000000000,0.080000000000,0.000000000000,0.000000000000,0.000000000000,0.000000000000,0.000000000000,0.000000000000,wrist_flex,cruise,reference_to_pregrasp
7.696065226,0.259771432705,-0.342845012806,0.330740482648,1.400000000000,0.000000000000,0.000000000000,0.000000000000,0.000000000000,0.080000000000,0.000000000000,0.000000000000,0.000000000000,0.000000000000,0.000000000000,0.000000000000,wrist_flex,cruise,reference_to_pregrasp
7.746065226,0.259771432705,-0.342845012806,0.330740482648,1.404000000000,0.000000000000,0.000000000000,0.000000000000,0.000000000000,0.080000000000,0.000000000000,0.000000000000,0.000000000000,0.000000000000,0.000000000000,0.000000000000,wrist_flex,cruise,reference_to_pregrasp
7.796065226,0.259771432705,-0.342845012806,0.330740482648,1.408000000000,0.000000000000,0.000000000000,0.000000000000,0.000000000000,0.080000000000,0.000000000000,0.000000000000,0.000000000000,0.000000000000,0.000000000000,0.000000000000,wrist_flex,cruise,reference_to_pregrasp
7.846065226,0.259771432705,-0.342845012806,0.330740482648,1.412000000000,0.000000000000,0.000000000000,0.000000000000,0.000000000000,0.080000000000,0.000000000000,0.000000000000,0.000000000000,0.000000000000,0.000000000000,0.000000000000,wrist_flex,cruise,reference_to_pregrasp
7.896065226,0.259771432705,-0.342845012806,0.330740482648,1.416000000000,0.000000000000,0.000000000000,0.000000000000,0.000000000000,0.080000000000,0.000000000000,0.000000000000,0.000000000000,0.000000000000,0.000000000000,0.000000000000,wrist_flex,cruise,reference_to_pregrasp
7.946065226,0.259771432705,-0.342845012806,0.330740482648,1.420000000000,0.000000000000,0.000000000000,0.000000000000,0.000000000000,0.080000000000,0.000000000000,0.000000000000,0.000000000000,0.000000000000,0.000000000000,0.000000000000,wrist_flex,cruise,reference_to_pregrasp
7.996065226,0.259771432705,-0.342845012806,0.330740482648,1.424000000000,0.000000000000,0.000000000000,0.000000000000,0.000000000000,0.080000000000,0.000000000000,0.000000000000,0.000000000000,0.000000000000,0.000000000000,0.000000000000,wrist_flex,cruise,reference_to_pregrasp
8.046065226,0.259771432705,-0.342845012806,0.330740482648,1.428000000000,0.000000000000,0.000000000000,0.000000000000,0.000000000000,0.080000000000,0.000000000000,0.000000000000,0.000000000000,0.000000000000,0.000000000000,0.000000000000,wrist_flex,cruise,reference_to_pregrasp
8.096065226,0.259771432705,-0.342845012806,0.330740482648,1.432000000000,0.000000000000,0.000000000000,0.000000000000,0.000000000000,0.080000000000,0.000000000000,0.000000000000,0.000000000000,0.000000000000,0.000000000000,0.000000000000,wrist_flex,cruise,reference_to_pregrasp
8.146065226,0.259771432705,-0.342845012806,0.330740482648,1.436000000000,0.000000000000,0.000000000000,0.000000000000,0.000000000000,0.080000000000,0.000000000000,0.000000000000,0.000000000000,0.000000000000,0.000000000000,0.000000000000,wrist_flex,cruise,reference_to_pregrasp
8.196065226,0.259771432705,-0.342845012806,0.330740482648,1.440000000000,0.000000000000,0.000000000000,0.000000000000,0.000000000000,0.080000000000,0.000000000000,0.000000000000,0.000000000000,0.000000000000,0.000000000000,0.000000000000,wrist_flex,cruise,reference_to_pregrasp
8.246065226,0.259771432705,-0.342845012806,0.330740482648,1.444000000000,0.000000000000,0.000000000000,0.000000000000,0.000000000000,0.080000000000,0.000000000000,0.000000000000,0.000000000000,0.000000000000,0.000000000000,0.000000000000,wrist_flex,cruise,reference_to_pregrasp
8.296065226,0.259771432705,-0.342845012806,0.330740482648,1.448000000000,0.000000000000,0.000000000000,0.000000000000,0.000000000000,0.080000000000,0.000000000000,0.000000000000,0.000000000000,0.000000000000,0.000000000000,0.000000000000,wrist_flex,cruise,reference_to_pregrasp
8.346065226,0.259771432705,-0.342845012806,0.330740482648,1.452000000000,0.000000000000,0.000000000000,0.000000000000,0.000000000000,0.080000000000,0.000000000000,0.000000000000,0.000000000000,0.000000000000,0.000000000000,0.000000000000,wrist_flex,cruise,reference_to_pregrasp
8.396065226,0.259771432705,-0.342845012806,0.330740482648,1.456000000000,0.000000000000,0.000000000000,0.000000000000,0.000000000000,0.080000000000,0.000000000000,0.000000000000,0.000000000000,0.000000000000,0.000000000000,0.000000000000,wrist_flex,cruise,reference_to_pregrasp
8.446065226,0.259771432705,-0.342845012806,0.330740482648,1.460000000000,0.000000000000,0.000000000000,0.000000000000,0.000000000000,0.080000000000,0.000000000000,0.000000000000,0.000000000000,0.000000000000,0.000000000000,0.000000000000,wrist_flex,cruise,reference_to_pregrasp
8.496065226,0.259771432705,-0.342845012806,0.330740482648,1.464000000000,0.000000000000,0.000000000000,0.000000000000,0.000000000000,0.080000000000,0.000000000000,0.000000000000,0.000000000000,0.000000000000,0.000000000000,0.000000000000,wrist_flex,cruise,reference_to_pregrasp
8.546065226,0.259771432705,-0.342845012806,0.330740482648,1.468000000000,0.000000000000,0.000000000000,0.000000000000,0.000000000000,0.080000000000,0.000000000000,0.000000000000,0.000000000000,0.000000000000,0.000000000000,0.000000000000,wrist_flex,cruise,reference_to_pregrasp
8.596065226,0.259771432705,-0.342845012806,0.330740482648,1.472000000000,0.000000000000,0.000000000000,0.000000000000,0.000000000000,0.080000000000,0.000000000000,0.000000000000,0.000000000000,0.000000000000,0.000000000000,0.000000000000,wrist_flex,cruise,reference_to_pregrasp
8.646065226,0.259771432705,-0.342845012806,0.330740482648,1.476000000000,0.000000000000,0.000000000000,0.000000000000,0.000000000000,0.080000000000,0.000000000000,0.000000000000,0.000000000000,0.000000000000,0.000000000000,0.000000000000,wrist_flex,cruise,reference_to_pregrasp
8.696065226,0.259771432705,-0.342845012806,0.330740482648,1.480000000000,0.000000000000,0.000000000000,0.000000000000,0.000000000000,0.080000000000,0.000000000000,0.000000000000,0.000000000000,0.000000000000,0.000000000000,0.000000000000,wrist_flex,cruise,reference_to_pregrasp
8.746065226,0.259771432705,-0.342845012806,0.330740482648,1.484000000000,0.000000000000,0.000000000000,0.000000000000,0.000000000000,0.080000000000,0.000000000000,0.000000000000,0.000000000000,0.000000000000,0.000000000000,0.000000000000,wrist_flex,cruise,reference_to_pregrasp
8.796065226,0.259771432705,-0.342845012806,0.330740482648,1.488000000000,0.000000000000,0.000000000000,0.000000000000,0.000000000000,0.080000000000,0.000000000000,0.000000000000,0.000000000000,0.000000000000,0.000000000000,0.000000000000,wrist_flex,cruise,reference_to_pregrasp
8.846065226,0.259771432705,-0.342845012806,0.330740482648,1.492000000000,0.000000000000,0.000000000000,0.000000000000,0.000000000000,0.080000000000,0.000000000000,0.000000000000,0.000000000000,0.000000000000,0.000000000000,0.000000000000,wrist_flex,cruise,reference_to_pregrasp
8.896065226,0.259771432705,-0.342845012806,0.330740482648,1.496000000000,0.000000000000,0.000000000000,0.000000000000,0.000000000000,0.080000000000,0.000000000000,0.000000000000,0.000000000000,0.000000000000,0.000000000000,0.000000000000,wrist_flex,cruise,reference_to_pregrasp
8.946065226,0.259771432705,-0.342845012806,0.330740482648,1.500000000000,0.000000000000,0.000000000000,0.000000000000,0.000000000000,0.080000000000,0.000000000000,0.000000000000,0.000000000000,0.000000000000,0.000000000000,0.000000000000,wrist_flex,cruise,reference_to_pregrasp
8.996065226,0.259771432705,-0.342845012806,0.330740482648,1.504000000000,0.000000000000,0.000000000000,0.000000000000,0.000000000000,0.080000000000,0.000000000000,0.000000000000,0.000000000000,0.000000000000,0.000000000000,0.000000000000,wrist_flex,cruise,reference_to_pregrasp
9.046065226,0.259771432705,-0.342845012806,0.330740482648,1.508000000000,0.000000000000,0.000000000000,0.000000000000,0.000000000000,0.080000000000,0.000000000000,0.000000000000,0.000000000000,0.000000000000,0.000000000000,0.000000000000,wrist_flex,cruise,reference_to_pregrasp
9.096065226,0.259771432705,-0.342845012806,0.330740482648,1.512000000000,0.000000000000,0.000000000000,0.000000000000,0.000000000000,0.080000000000,0.000000000000,0.000000000000,0.000000000000,0.000000000000,0.000000000000,0.000000000000,wrist_flex,cruise,reference_to_pregrasp
9.146065226,0.259771432705,-0.342845012806,0.330740482648,1.516000000000,0.000000000000,0.000000000000,0.000000000000,0.000000000000,0.080000000000,0.000000000000,0.000000000000,0.000000000000,0.000000000000,0.000000000000,0.000000000000,wrist_flex,cruise,reference_to_pregrasp
9.196065226,0.259771432705,-0.342845012806,0.330740482648,1.520000000000,0.000000000000,0.000000000000,0.000000000000,0.000000000000,0.080000000000,0.000000000000,0.000000000000,0.000000000000,0.000000000000,0.000000000000,0.000000000000,wrist_flex,cruise,reference_to_pregrasp
9.246065226,0.259771432705,-0.342845012806,0.330740482648,1.524000000000,0.000000000000,0.000000000000,0.000000000000,0.000000000000,0.080000000000,0.000000000000,0.000000000000,0.000000000000,0.000000000000,0.000000000000,0.000000000000,wrist_flex,cruise,reference_to_pregrasp
9.296065226,0.259771432705,-0.342845012806,0.330740482648,1.528000000000,0.000000000000,0.000000000000,0.000000000000,0.000000000000,0.080000000000,0.000000000000,0.000000000000,0.000000000000,0.000000000000,0.000000000000,0.000000000000,wrist_flex,cruise,reference_to_pregrasp
9.346065226,0.259771432705,-0.342845012806,0.330740482648,1.532000000000,0.000000000000,0.000000000000,0.000000000000,0.000000000000,0.080000000000,0.000000000000,0.000000000000,0.000000000000,0.000000000000,0.000000000000,0.000000000000,wrist_flex,cruise,reference_to_pregrasp
9.396065226,0.259771432705,-0.342845012806,0.330740482648,1.536000000000,0.000000000000,0.000000000000,0.000000000000,0.000000000000,0.080000000000,0.000000000000,0.000000000000,0.000000000000,0.000000000000,0.000000000000,0.000000000000,wrist_flex,cruise,reference_to_pregrasp
9.446065226,0.259771432705,-0.342845012806,0.330740482648,1.540000000000,0.000000000000,0.000000000000,0.000000000000,0.000000000000,0.080000000000,0.000000000000,0.000000000000,0.000000000000,0.000000000000,0.000000000000,0.000000000000,wrist_flex,cruise,reference_to_pregrasp
9.496065226,0.259771432705,-0.342845012806,0.330740482648,1.544000000000,0.000000000000,0.000000000000,0.000000000000,0.000000000000,0.080000000000,0.000000000000,0.000000000000,0.000000000000,0.000000000000,0.000000000000,0.000000000000,wrist_flex,cruise,reference_to_pregrasp
9.546065226,0.259771432705,-0.342845012806,0.330740482648,1.548000000000,0.000000000000,0.000000000000,0.000000000000,0.000000000000,0.080000000000,0.000000000000,0.000000000000,0.000000000000,0.000000000000,0.000000000000,0.000000000000,wrist_flex,cruise,reference_to_pregrasp
9.596065226,0.259771432705,-0.342845012806,0.330740482648,1.552000000000,0.000000000000,0.000000000000,0.000000000000,0.000000000000,0.080000000000,0.000000000000,0.000000000000,0.000000000000,0.000000000000,0.000000000000,0.000000000000,wrist_flex,cruise,reference_to_pregrasp
9.646065226,0.259771432705,-0.342845012806,0.330740482648,1.556000000000,0.000000000000,0.000000000000,0.000000000000,0.000000000000,0.080000000000,0.000000000000,0.000000000000,0.000000000000,0.000000000000,0.000000000000,0.000000000000,wrist_flex,cruise,reference_to_pregrasp
9.696065226,0.259771432705,-0.342845012806,0.330740482648,1.560000000000,0.000000000000,0.000000000000,0.000000000000,0.000000000000,0.080000000000,0.000000000000,0.000000000000,0.000000000000,0.000000000000,0.000000000000,0.000000000000,wrist_flex,cruise,reference_to_pregrasp
9.746065226,0.259771432705,-0.342845012806,0.330740482648,1.564000000000,0.000000000000,0.000000000000,0.000000000000,0.000000000000,0.080000000000,0.000000000000,0.000000000000,0.000000000000,0.000000000000,0.000000000000,0.000000000000,wrist_flex,cruise,reference_to_pregrasp
9.796065226,0.259771432705,-0.342845012806,0.330740482648,1.567911749956,0.000000000000,0.000000000000,0.000000000000,0.000000000000,0.074058618191,0.000000000000,0.000000000000,0.000000000000,0.000000000000,-0.200000000000,0.000000000000,wrist_flex,decelerate,reference_to_pregrasp
9.846065226,0.259771432705,-0.342845012806,0.330740482648,1.571364680865,0.000000000000,0.000000000000,0.000000000000,0.000000000000,0.064058618191,0.000000000000,0.000000000000,0.000000000000,0.000000000000,-0.200000000000,0.000000000000,wrist_flex,decelerate,reference_to_pregrasp
9.896065226,0.259771432705,-0.342845012806,0.330740482648,1.574317611775,0.000000000000,0.000000000000,0.000000000000,0.000000000000,0.054058618191,0.000000000000,0.000000000000,0.000000000000,0.000000000000,-0.200000000000,0.000000000000,wrist_flex,decelerate,reference_to_pregrasp
9.946065226,0.259771432705,-0.342845012806,0.330740482648,1.576770542684,0.000000000000,0.000000000000,0.000000000000,0.000000000000,0.044058618191,0.000000000000,0.000000000000,0.000000000000,0.000000000000,-0.200000000000,0.000000000000,wrist_flex,decelerate,reference_to_pregrasp
9.996065226,0.259771432705,-0.342845012806,0.330740482648,1.578723473594,0.000000000000,0.000000000000,0.000000000000,0.000000000000,0.034058618191,0.000000000000,0.000000000000,0.000000000000,0.000000000000,-0.200000000000,0.000000000000,wrist_flex,decelerate,reference_to_pregrasp
10.046065226,0.259771432705,-0.342845012806,0.330740482648,1.580176404503,0.000000000000,0.000000000000,0.000000000000,0.000000000000,0.024058618191,0.000000000000,0.000000000000,0.000000000000,0.000000000000,-0.200000000000,0.000000000000,wrist_flex,decelerate,reference_to_pregrasp
10.096065226,0.259771432705,-0.342845012806,0.330740482648,1.581129335413,0.000000000000,0.000000000000,0.000000000000,0.000000000000,0.014058618191,0.000000000000,0.000000000000,0.000000000000,0.000000000000,-0.200000000000,0.000000000000,wrist_flex,decelerate,reference_to_pregrasp
10.146065226,0.259771432705,-0.342845012806,0.330740482648,1.581582266322,0.000000000000,0.000000000000,0.000000000000,0.000000000000,0.004058618191,0.000000000000,0.000000000000,0.000000000000,0.000000000000,-0.200000000000,0.000000000000,wrist_flex,decelerate,reference_to_pregrasp
10.166358317,0.259771432705,-0.342845012806,0.330740482648,1.581623447276,0.000000000000,0.000000000000,0.000000000000,0.000000000000,0.000000000000,0.000000000000,0.000000000000,0.000000000000,0.000000000000,0.000000000000,0.000000000000,,end,reference_to_pregrasp
10.216358317,0.259771432705,-0.342845012806,0.330740482648,1.581623447276,0.000000000000,0.000000000000,0.000000000000,0.000000000000,0.000000000000,0.000000000000,0.000000000000,0.000000000000,0.000000000000,0.000000000000,0.000000000000,,settle,reference_to_pregrasp
10.266358317,0.259771432705,-0.342845012806,0.330740482648,1.581623447276,0.000000000000,0.000000000000,0.000000000000,0.000000000000,0.000000000000,0.000000000000,0.000000000000,0.000000000000,0.000000000000,0.000000000000,0.000000000000,,settle,reference_to_pregrasp
10.316358317,0.259771432705,-0.342845012806,0.330740482648,1.581623447276,0.000000000000,0.000000000000,0.000000000000,0.000000000000,0.000000000000,0.000000000000,0.000000000000,0.000000000000,0.000000000000,0.000000000000,0.000000000000,,settle,reference_to_pregrasp
10.366358317,0.259771432705,-0.342845012806,0.330740482648,1.581623447276,0.000000000000,0.000000000000,0.000000000000,0.000000000000,0.000000000000,0.000000000000,0.000000000000,0.000000000000,0.000000000000,0.000000000000,0.000000000000,,settle,reference_to_pregrasp
10.416358317,0.259771432705,-0.342845012806,0.330740482648,1.581623447276,0.000250000000,0.000000000000,0.000000000000,0.000000000000,0.000000000000,0.010000000000,0.000000000000,0.000000000000,0.000000000000,0.000000000000,0.200000000000,wrist_roll,accelerate,reference_to_pregrasp
10.466358317,0.259771432705,-0.342845012806,0.330740482648,1.581623447276,0.001000000000,0.000000000000,0.000000000000,0.000000000000,0.000000000000,0.020000000000,0.000000000000,0.000000000000,0.000000000000,0.000000000000,0.200000000000,wrist_roll,accelerate,reference_to_pregrasp
10.516358317,0.259771432705,-0.342845012806,0.330740482648,1.581623447276,0.002250000000,0.000000000000,0.000000000000,0.000000000000,0.000000000000,0.030000000000,0.000000000000,0.000000000000,0.000000000000,0.000000000000,0.200000000000,wrist_roll,accelerate,reference_to_pregrasp
10.566358317,0.259771432705,-0.342845012806,0.330740482648,1.581623447276,0.004000000000,0.000000000000,0.000000000000,0.000000000000,0.000000000000,0.040000000000,0.000000000000,0.000000000000,0.000000000000,0.000000000000,0.200000000000,wrist_roll,accelerate,reference_to_pregrasp
10.616358317,0.259771432705,-0.342845012806,0.330740482648,1.581623447276,0.006250000000,0.000000000000,0.000000000000,0.000000000000,0.000000000000,0.050000000000,0.000000000000,0.000000000000,0.000000000000,0.000000000000,0.200000000000,wrist_roll,accelerate,reference_to_pregrasp
10.666358317,0.259771432705,-0.342845012806,0.330740482648,1.581623447276,0.009000000000,0.000000000000,0.000000000000,0.000000000000,0.000000000000,0.060000000000,0.000000000000,0.000000000000,0.000000000000,0.000000000000,0.200000000000,wrist_roll,accelerate,reference_to_pregrasp
10.716358317,0.259771432705,-0.342845012806,0.330740482648,1.581623447276,0.012250000000,0.000000000000,0.000000000000,0.000000000000,0.000000000000,0.070000000000,0.000000000000,0.000000000000,0.000000000000,0.000000000000,0.200000000000,wrist_roll,accelerate,reference_to_pregrasp
10.766358317,0.259771432705,-0.342845012806,0.330740482648,1.581623447276,0.016000000000,0.000000000000,0.000000000000,0.000000000000,0.000000000000,0.080000000000,0.000000000000,0.000000000000,0.000000000000,0.000000000000,0.000000000000,wrist_roll,cruise,reference_to_pregrasp
10.816358317,0.259771432705,-0.342845012806,0.330740482648,1.581623447276,0.020000000000,0.000000000000,0.000000000000,0.000000000000,0.000000000000,0.080000000000,0.000000000000,0.000000000000,0.000000000000,0.000000000000,0.000000000000,wrist_roll,cruise,reference_to_pregrasp
10.866358317,0.259771432705,-0.342845012806,0.330740482648,1.581623447276,0.024000000000,0.000000000000,0.000000000000,0.000000000000,0.000000000000,0.080000000000,0.000000000000,0.000000000000,0.000000000000,0.000000000000,0.000000000000,wrist_roll,cruise,reference_to_pregrasp
10.916358317,0.259771432705,-0.342845012806,0.330740482648,1.581623447276,0.028000000000,0.000000000000,0.000000000000,0.000000000000,0.000000000000,0.080000000000,0.000000000000,0.000000000000,0.000000000000,0.000000000000,0.000000000000,wrist_roll,cruise,reference_to_pregrasp
10.966358317,0.259771432705,-0.342845012806,0.330740482648,1.581623447276,0.032000000000,0.000000000000,0.000000000000,0.000000000000,0.000000000000,0.080000000000,0.000000000000,0.000000000000,0.000000000000,0.000000000000,0.000000000000,wrist_roll,cruise,reference_to_pregrasp
11.016358317,0.259771432705,-0.342845012806,0.330740482648,1.581623447276,0.036000000000,0.000000000000,0.000000000000,0.000000000000,0.000000000000,0.080000000000,0.000000000000,0.000000000000,0.000000000000,0.000000000000,0.000000000000,wrist_roll,cruise,reference_to_pregrasp
11.066358317,0.259771432705,-0.342845012806,0.330740482648,1.581623447276,0.040000000000,0.000000000000,0.000000000000,0.000000000000,0.000000000000,0.080000000000,0.000000000000,0.000000000000,0.000000000000,0.000000000000,0.000000000000,wrist_roll,cruise,reference_to_pregrasp
11.116358317,0.259771432705,-0.342845012806,0.330740482648,1.581623447276,0.044000000000,0.000000000000,0.000000000000,0.000000000000,0.000000000000,0.080000000000,0.000000000000,0.000000000000,0.000000000000,0.000000000000,0.000000000000,wrist_roll,cruise,reference_to_pregrasp
11.166358317,0.259771432705,-0.342845012806,0.330740482648,1.581623447276,0.048000000000,0.000000000000,0.000000000000,0.000000000000,0.000000000000,0.080000000000,0.000000000000,0.000000000000,0.000000000000,0.000000000000,0.000000000000,wrist_roll,cruise,reference_to_pregrasp
11.216358317,0.259771432705,-0.342845012806,0.330740482648,1.581623447276,0.052000000000,0.000000000000,0.000000000000,0.000000000000,0.000000000000,0.080000000000,0.000000000000,0.000000000000,0.000000000000,0.000000000000,0.000000000000,wrist_roll,cruise,reference_to_pregrasp
11.266358317,0.259771432705,-0.342845012806,0.330740482648,1.581623447276,0.056000000000,0.000000000000,0.000000000000,0.000000000000,0.000000000000,0.080000000000,0.000000000000,0.000000000000,0.000000000000,0.000000000000,0.000000000000,wrist_roll,cruise,reference_to_pregrasp
11.316358317,0.259771432705,-0.342845012806,0.330740482648,1.581623447276,0.060000000000,0.000000000000,0.000000000000,0.000000000000,0.000000000000,0.080000000000,0.000000000000,0.000000000000,0.000000000000,0.000000000000,0.000000000000,wrist_roll,cruise,reference_to_pregrasp
11.366358317,0.259771432705,-0.342845012806,0.330740482648,1.581623447276,0.064000000000,0.000000000000,0.000000000000,0.000000000000,0.000000000000,0.080000000000,0.000000000000,0.000000000000,0.000000000000,0.000000000000,0.000000000000,wrist_roll,cruise,reference_to_pregrasp
11.416358317,0.259771432705,-0.342845012806,0.330740482648,1.581623447276,0.068000000000,0.000000000000,0.000000000000,0.000000000000,0.000000000000,0.080000000000,0.000000000000,0.000000000000,0.000000000000,0.000000000000,0.000000000000,wrist_roll,cruise,reference_to_pregrasp
11.466358317,0.259771432705,-0.342845012806,0.330740482648,1.581623447276,0.072000000000,0.000000000000,0.000000000000,0.000000000000,0.000000000000,0.080000000000,0.000000000000,0.000000000000,0.000000000000,0.000000000000,0.000000000000,wrist_roll,cruise,reference_to_pregrasp
11.516358317,0.259771432705,-0.342845012806,0.330740482648,1.581623447276,0.076000000000,0.000000000000,0.000000000000,0.000000000000,0.000000000000,0.080000000000,0.000000000000,0.000000000000,0.000000000000,0.000000000000,0.000000000000,wrist_roll,cruise,reference_to_pregrasp
11.566358317,0.259771432705,-0.342845012806,0.330740482648,1.581623447276,0.080000000000,0.000000000000,0.000000000000,0.000000000000,0.000000000000,0.080000000000,0.000000000000,0.000000000000,0.000000000000,0.000000000000,0.000000000000,wrist_roll,cruise,reference_to_pregrasp
11.616358317,0.259771432705,-0.342845012806,0.330740482648,1.581623447276,0.084000000000,0.000000000000,0.000000000000,0.000000000000,0.000000000000,0.080000000000,0.000000000000,0.000000000000,0.000000000000,0.000000000000,0.000000000000,wrist_roll,cruise,reference_to_pregrasp
11.666358317,0.259771432705,-0.342845012806,0.330740482648,1.581623447276,0.088000000000,0.000000000000,0.000000000000,0.000000000000,0.000000000000,0.080000000000,0.000000000000,0.000000000000,0.000000000000,0.000000000000,0.000000000000,wrist_roll,cruise,reference_to_pregrasp
11.716358317,0.259771432705,-0.342845012806,0.330740482648,1.581623447276,0.092000000000,0.000000000000,0.000000000000,0.000000000000,0.000000000000,0.080000000000,0.000000000000,0.000000000000,0.000000000000,0.000000000000,0.000000000000,wrist_roll,cruise,reference_to_pregrasp
11.766358317,0.259771432705,-0.342845012806,0.330740482648,1.581623447276,0.096000000000,0.000000000000,0.000000000000,0.000000000000,0.000000000000,0.080000000000,0.000000000000,0.000000000000,0.000000000000,0.000000000000,0.000000000000,wrist_roll,cruise,reference_to_pregrasp
11.816358317,0.259771432705,-0.342845012806,0.330740482648,1.581623447276,0.100000000000,0.000000000000,0.000000000000,0.000000000000,0.000000000000,0.080000000000,0.000000000000,0.000000000000,0.000000000000,0.000000000000,0.000000000000,wrist_roll,cruise,reference_to_pregrasp
11.866358317,0.259771432705,-0.342845012806,0.330740482648,1.581623447276,0.104000000000,0.000000000000,0.000000000000,0.000000000000,0.000000000000,0.080000000000,0.000000000000,0.000000000000,0.000000000000,0.000000000000,0.000000000000,wrist_roll,cruise,reference_to_pregrasp
11.916358317,0.259771432705,-0.342845012806,0.330740482648,1.581623447276,0.108000000000,0.000000000000,0.000000000000,0.000000000000,0.000000000000,0.080000000000,0.000000000000,0.000000000000,0.000000000000,0.000000000000,0.000000000000,wrist_roll,cruise,reference_to_pregrasp
11.966358317,0.259771432705,-0.342845012806,0.330740482648,1.581623447276,0.112000000000,0.000000000000,0.000000000000,0.000000000000,0.000000000000,0.080000000000,0.000000000000,0.000000000000,0.000000000000,0.000000000000,0.000000000000,wrist_roll,cruise,reference_to_pregrasp
12.016358317,0.259771432705,-0.342845012806,0.330740482648,1.581623447276,0.116000000000,0.000000000000,0.000000000000,0.000000000000,0.000000000000,0.080000000000,0.000000000000,0.000000000000,0.000000000000,0.000000000000,0.000000000000,wrist_roll,cruise,reference_to_pregrasp
12.066358317,0.259771432705,-0.342845012806,0.330740482648,1.581623447276,0.120000000000,0.000000000000,0.000000000000,0.000000000000,0.000000000000,0.080000000000,0.000000000000,0.000000000000,0.000000000000,0.000000000000,0.000000000000,wrist_roll,cruise,reference_to_pregrasp
12.116358317,0.259771432705,-0.342845012806,0.330740482648,1.581623447276,0.124000000000,0.000000000000,0.000000000000,0.000000000000,0.000000000000,0.080000000000,0.000000000000,0.000000000000,0.000000000000,0.000000000000,0.000000000000,wrist_roll,cruise,reference_to_pregrasp
12.166358317,0.259771432705,-0.342845012806,0.330740482648,1.581623447276,0.128000000000,0.000000000000,0.000000000000,0.000000000000,0.000000000000,0.080000000000,0.000000000000,0.000000000000,0.000000000000,0.000000000000,0.000000000000,wrist_roll,cruise,reference_to_pregrasp
12.216358317,0.259771432705,-0.342845012806,0.330740482648,1.581623447276,0.132000000000,0.000000000000,0.000000000000,0.000000000000,0.000000000000,0.080000000000,0.000000000000,0.000000000000,0.000000000000,0.000000000000,0.000000000000,wrist_roll,cruise,reference_to_pregrasp
12.266358317,0.259771432705,-0.342845012806,0.330740482648,1.581623447276,0.136000000000,0.000000000000,0.000000000000,0.000000000000,0.000000000000,0.080000000000,0.000000000000,0.000000000000,0.000000000000,0.000000000000,0.000000000000,wrist_roll,cruise,reference_to_pregrasp
12.316358317,0.259771432705,-0.342845012806,0.330740482648,1.581623447276,0.140000000000,0.000000000000,0.000000000000,0.000000000000,0.000000000000,0.080000000000,0.000000000000,0.000000000000,0.000000000000,0.000000000000,0.000000000000,wrist_roll,cruise,reference_to_pregrasp
12.366358317,0.259771432705,-0.342845012806,0.330740482648,1.581623447276,0.144000000000,0.000000000000,0.000000000000,0.000000000000,0.000000000000,0.080000000000,0.000000000000,0.000000000000,0.000000000000,0.000000000000,0.000000000000,wrist_roll,cruise,reference_to_pregrasp
12.416358317,0.259771432705,-0.342845012806,0.330740482648,1.581623447276,0.148000000000,0.000000000000,0.000000000000,0.000000000000,0.000000000000,0.080000000000,0.000000000000,0.000000000000,0.000000000000,0.000000000000,0.000000000000,wrist_roll,cruise,reference_to_pregrasp
12.466358317,0.259771432705,-0.342845012806,0.330740482648,1.581623447276,0.152000000000,0.000000000000,0.000000000000,0.000000000000,0.000000000000,0.080000000000,0.000000000000,0.000000000000,0.000000000000,0.000000000000,0.000000000000,wrist_roll,cruise,reference_to_pregrasp
12.516358317,0.259771432705,-0.342845012806,0.330740482648,1.581623447276,0.156000000000,0.000000000000,0.000000000000,0.000000000000,0.000000000000,0.080000000000,0.000000000000,0.000000000000,0.000000000000,0.000000000000,0.000000000000,wrist_roll,cruise,reference_to_pregrasp
12.566358317,0.259771432705,-0.342845012806,0.330740482648,1.581623447276,0.160000000000,0.000000000000,0.000000000000,0.000000000000,0.000000000000,0.080000000000,0.000000000000,0.000000000000,0.000000000000,0.000000000000,0.000000000000,wrist_roll,cruise,reference_to_pregrasp
12.616358317,0.259771432705,-0.342845012806,0.330740482648,1.581623447276,0.164000000000,0.000000000000,0.000000000000,0.000000000000,0.000000000000,0.080000000000,0.000000000000,0.000000000000,0.000000000000,0.000000000000,0.000000000000,wrist_roll,cruise,reference_to_pregrasp
12.666358317,0.259771432705,-0.342845012806,0.330740482648,1.581623447276,0.168000000000,0.000000000000,0.000000000000,0.000000000000,0.000000000000,0.080000000000,0.000000000000,0.000000000000,0.000000000000,0.000000000000,0.000000000000,wrist_roll,cruise,reference_to_pregrasp
12.716358317,0.259771432705,-0.342845012806,0.330740482648,1.581623447276,0.172000000000,0.000000000000,0.000000000000,0.000000000000,0.000000000000,0.080000000000,0.000000000000,0.000000000000,0.000000000000,0.000000000000,0.000000000000,wrist_roll,cruise,reference_to_pregrasp
12.766358317,0.259771432705,-0.342845012806,0.330740482648,1.581623447276,0.176000000000,0.000000000000,0.000000000000,0.000000000000,0.000000000000,0.080000000000,0.000000000000,0.000000000000,0.000000000000,0.000000000000,0.000000000000,wrist_roll,cruise,reference_to_pregrasp
12.816358317,0.259771432705,-0.342845012806,0.330740482648,1.581623447276,0.180000000000,0.000000000000,0.000000000000,0.000000000000,0.000000000000,0.080000000000,0.000000000000,0.000000000000,0.000000000000,0.000000000000,0.000000000000,wrist_roll,cruise,reference_to_pregrasp
12.866358317,0.259771432705,-0.342845012806,0.330740482648,1.581623447276,0.184000000000,0.000000000000,0.000000000000,0.000000000000,0.000000000000,0.080000000000,0.000000000000,0.000000000000,0.000000000000,0.000000000000,0.000000000000,wrist_roll,cruise,reference_to_pregrasp
12.916358317,0.259771432705,-0.342845012806,0.330740482648,1.581623447276,0.188000000000,0.000000000000,0.000000000000,0.000000000000,0.000000000000,0.080000000000,0.000000000000,0.000000000000,0.000000000000,0.000000000000,0.000000000000,wrist_roll,cruise,reference_to_pregrasp
12.966358317,0.259771432705,-0.342845012806,0.330740482648,1.581623447276,0.192000000000,0.000000000000,0.000000000000,0.000000000000,0.000000000000,0.080000000000,0.000000000000,0.000000000000,0.000000000000,0.000000000000,0.000000000000,wrist_roll,cruise,reference_to_pregrasp
13.016358317,0.259771432705,-0.342845012806,0.330740482648,1.581623447276,0.196000000000,0.000000000000,0.000000000000,0.000000000000,0.000000000000,0.080000000000,0.000000000000,0.000000000000,0.000000000000,0.000000000000,0.000000000000,wrist_roll,cruise,reference_to_pregrasp
13.066358317,0.259771432705,-0.342845012806,0.330740482648,1.581623447276,0.200000000000,0.000000000000,0.000000000000,0.000000000000,0.000000000000,0.080000000000,0.000000000000,0.000000000000,0.000000000000,0.000000000000,0.000000000000,wrist_roll,cruise,reference_to_pregrasp
13.116358317,0.259771432705,-0.342845012806,0.330740482648,1.581623447276,0.204000000000,0.000000000000,0.000000000000,0.000000000000,0.000000000000,0.080000000000,0.000000000000,0.000000000000,0.000000000000,0.000000000000,0.000000000000,wrist_roll,cruise,reference_to_pregrasp
13.166358317,0.259771432705,-0.342845012806,0.330740482648,1.581623447276,0.208000000000,0.000000000000,0.000000000000,0.000000000000,0.000000000000,0.080000000000,0.000000000000,0.000000000000,0.000000000000,0.000000000000,0.000000000000,wrist_roll,cruise,reference_to_pregrasp
13.216358317,0.259771432705,-0.342845012806,0.330740482648,1.581623447276,0.212000000000,0.000000000000,0.000000000000,0.000000000000,0.000000000000,0.080000000000,0.000000000000,0.000000000000,0.000000000000,0.000000000000,0.000000000000,wrist_roll,cruise,reference_to_pregrasp
13.266358317,0.259771432705,-0.342845012806,0.330740482648,1.581623447276,0.216000000000,0.000000000000,0.000000000000,0.000000000000,0.000000000000,0.080000000000,0.000000000000,0.000000000000,0.000000000000,0.000000000000,0.000000000000,wrist_roll,cruise,reference_to_pregrasp
13.316358317,0.259771432705,-0.342845012806,0.330740482648,1.581623447276,0.220000000000,0.000000000000,0.000000000000,0.000000000000,0.000000000000,0.080000000000,0.000000000000,0.000000000000,0.000000000000,0.000000000000,0.000000000000,wrist_roll,cruise,reference_to_pregrasp
13.366358317,0.259771432705,-0.342845012806,0.330740482648,1.581623447276,0.224000000000,0.000000000000,0.000000000000,0.000000000000,0.000000000000,0.080000000000,0.000000000000,0.000000000000,0.000000000000,0.000000000000,0.000000000000,wrist_roll,cruise,reference_to_pregrasp
13.416358317,0.259771432705,-0.342845012806,0.330740482648,1.581623447276,0.228000000000,0.000000000000,0.000000000000,0.000000000000,0.000000000000,0.080000000000,0.000000000000,0.000000000000,0.000000000000,0.000000000000,0.000000000000,wrist_roll,cruise,reference_to_pregrasp
13.466358317,0.259771432705,-0.342845012806,0.330740482648,1.581623447276,0.231919989584,0.000000000000,0.000000000000,0.000000000000,0.000000000000,0.074342777516,0.000000000000,0.000000000000,0.000000000000,0.000000000000,-0.200000000000,wrist_roll,decelerate,reference_to_pregrasp
13.516358317,0.259771432705,-0.342845012806,0.330740482648,1.581623447276,0.235387128460,0.000000000000,0.000000000000,0.000000000000,0.000000000000,0.064342777516,0.000000000000,0.000000000000,0.000000000000,0.000000000000,-0.200000000000,wrist_roll,decelerate,reference_to_pregrasp
13.566358317,0.259771432705,-0.342845012806,0.330740482648,1.581623447276,0.238354267336,0.000000000000,0.000000000000,0.000000000000,0.000000000000,0.054342777516,0.000000000000,0.000000000000,0.000000000000,0.000000000000,-0.200000000000,wrist_roll,decelerate,reference_to_pregrasp
13.616358317,0.259771432705,-0.342845012806,0.330740482648,1.581623447276,0.240821406212,0.000000000000,0.000000000000,0.000000000000,0.000000000000,0.044342777516,0.000000000000,0.000000000000,0.000000000000,0.000000000000,-0.200000000000,wrist_roll,decelerate,reference_to_pregrasp
13.666358317,0.259771432705,-0.342845012806,0.330740482648,1.581623447276,0.242788545088,0.000000000000,0.000000000000,0.000000000000,0.000000000000,0.034342777516,0.000000000000,0.000000000000,0.000000000000,0.000000000000,-0.200000000000,wrist_roll,decelerate,reference_to_pregrasp
13.716358317,0.259771432705,-0.342845012806,0.330740482648,1.581623447276,0.244255683964,0.000000000000,0.000000000000,0.000000000000,0.000000000000,0.024342777516,0.000000000000,0.000000000000,0.000000000000,0.000000000000,-0.200000000000,wrist_roll,decelerate,reference_to_pregrasp
13.766358317,0.259771432705,-0.342845012806,0.330740482648,1.581623447276,0.245222822839,0.000000000000,0.000000000000,0.000000000000,0.000000000000,0.014342777516,0.000000000000,0.000000000000,0.000000000000,0.000000000000,-0.200000000000,wrist_roll,decelerate,reference_to_pregrasp
13.816358317,0.259771432705,-0.342845012806,0.330740482648,1.581623447276,0.245689961715,0.000000000000,0.000000000000,0.000000000000,0.000000000000,0.004342777516,0.000000000000,0.000000000000,0.000000000000,0.000000000000,-0.200000000000,wrist_roll,decelerate,reference_to_pregrasp
13.838072205,0.259771432705,-0.342845012806,0.330740482648,1.581623447276,0.245737111007,0.000000000000,0.000000000000,0.000000000000,0.000000000000,0.000000000000,0.000000000000,0.000000000000,0.000000000000,0.000000000000,0.000000000000,,end,reference_to_pregrasp
13.888072205,0.259771432705,-0.342845012806,0.330740482648,1.581623447276,0.245737111007,0.000000000000,0.000000000000,0.000000000000,0.000000000000,0.000000000000,0.000000000000,0.000000000000,0.000000000000,0.000000000000,0.000000000000,,settle,reference_to_pregrasp
13.938072205,0.259771432705,-0.342845012806,0.330740482648,1.581623447276,0.245737111007,0.000000000000,0.000000000000,0.000000000000,0.000000000000,0.000000000000,0.000000000000,0.000000000000,0.000000000000,0.000000000000,0.000000000000,,settle,reference_to_pregrasp
13.988072205,0.259771432705,-0.342845012806,0.330740482648,1.581623447276,0.245737111007,0.000000000000,0.000000000000,0.000000000000,0.000000000000,0.000000000000,0.000000000000,0.000000000000,0.000000000000,0.000000000000,0.000000000000,,settle,reference_to_pregrasp
14.038072205,0.259771432705,-0.342845012806,0.330740482648,1.581623447276,0.245737111007,0.000000000000,0.000000000000,0.000000000000,0.000000000000,0.000000000000,0.000000000000,0.000000000000,0.000000000000,0.000000000000,0.000000000000,,settle,reference_to_pregrasp
14.088072205,0.259771432705,-0.342845012806,0.330740482648,1.581623447276,0.245737111007,0.000000000000,0.000000000000,0.000000000000,0.000000000000,0.000000000000,0.000000000000,0.000000000000,0.000000000000,0.000000000000,0.000000000000,,stage_settle,reference_to_pregrasp_to_next
14.138072205,0.259771432705,-0.342845012806,0.330740482648,1.581623447276,0.245737111007,0.000000000000,0.000000000000,0.000000000000,0.000000000000,0.000000000000,0.000000000000,0.000000000000,0.000000000000,0.000000000000,0.000000000000,,stage_settle,reference_to_pregrasp_to_next
14.188072205,0.259771432705,-0.342845012806,0.330740482648,1.581623447276,0.245737111007,0.000000000000,0.000000000000,0.000000000000,0.000000000000,0.000000000000,0.000000000000,0.000000000000,0.000000000000,0.000000000000,0.000000000000,,stage_settle,reference_to_pregrasp_to_next
14.238072205,0.259771432705,-0.342845012806,0.330740482648,1.581623447276,0.245737111007,0.000000000000,0.000000000000,0.000000000000,0.000000000000,0.000000000000,0.000000000000,0.000000000000,0.000000000000,0.000000000000,0.000000000000,,stage_settle,reference_to_pregrasp_to_next
14.288072205,0.259771432705,-0.342845012806,0.330740482648,1.581623447276,0.245737111007,0.000000000000,0.000000000000,0.000000000000,0.000000000000,0.000000000000,0.000000000000,0.000000000000,0.000000000000,0.000000000000,0.000000000000,,stage_settle,reference_to_pregrasp_to_next
14.338072205,0.259771432705,-0.342845012806,0.330740482648,1.581623447276,0.245737111007,0.000000000000,0.000000000000,0.000000000000,0.000000000000,0.000000000000,0.000000000000,0.000000000000,0.000000000000,0.000000000000,0.000000000000,,stage_settle,reference_to_pregrasp_to_next
14.388072205,0.259771432705,-0.342845012806,0.330740482648,1.581623447276,0.245737111007,0.000000000000,0.000000000000,0.000000000000,0.000000000000,0.000000000000,0.000000000000,0.000000000000,0.000000000000,0.000000000000,0.000000000000,,stage_settle,reference_to_pregrasp_to_next
14.438072205,0.259771432705,-0.342845012806,0.330740482648,1.581623447276,0.245737111007,0.000000000000,0.000000000000,0.000000000000,0.000000000000,0.000000000000,0.000000000000,0.000000000000,0.000000000000,0.000000000000,0.000000000000,,stage_settle,reference_to_pregrasp_to_next
14.488072205,0.259771432705,-0.342845012806,0.330740482648,1.581623447276,0.245737111007,0.000000000000,0.000000000000,0.000000000000,0.000000000000,0.000000000000,0.000000000000,0.000000000000,0.000000000000,0.000000000000,0.000000000000,,stage_settle,reference_to_pregrasp_to_next
14.538072205,0.259771432705,-0.342845012806,0.330740482648,1.581623447276,0.245737111007,0.000000000000,0.000000000000,0.000000000000,0.000000000000,0.000000000000,0.000000000000,0.000000000000,0.000000000000,0.000000000000,0.000000000000,,stage_settle,reference_to_pregrasp_to_next
14.588072205,0.260021432705,-0.342845012806,0.330740482648,1.581623447276,0.245737111007,0.010000000000,0.000000000000,0.000000000000,0.000000000000,0.000000000000,0.200000000000,0.000000000000,0.000000000000,0.000000000000,0.000000000000,shoulder_pan,accelerate,pregrasp_to_descend
14.638072205,0.260771432705,-0.342845012806,0.330740482648,1.581623447276,0.245737111007,0.020000000000,0.000000000000,0.000000000000,0.000000000000,0.000000000000,0.200000000000,0.000000000000,0.000000000000,0.000000000000,0.000000000000,shoulder_pan,accelerate,pregrasp_to_descend
14.688072205,0.261861927624,-0.342845012806,0.330740482648,1.581623447276,0.245737111007,0.018703803086,0.000000000000,0.000000000000,0.000000000000,0.000000000000,-0.200000000000,0.000000000000,0.000000000000,0.000000000000,0.000000000000,shoulder_pan,decelerate,pregrasp_to_descend
14.738072205,0.262547117779,-0.342845012806,0.330740482648,1.581623447276,0.245737111007,0.008703803086,0.000000000000,0.000000000000,0.000000000000,0.000000000000,-0.200000000000,0.000000000000,0.000000000000,0.000000000000,0.000000000000,shoulder_pan,decelerate,pregrasp_to_descend
14.781591220,0.262736508249,-0.342845012806,0.330740482648,1.581623447276,0.245737111007,0.000000000000,0.000000000000,0.000000000000,0.000000000000,0.000000000000,0.000000000000,0.000000000000,0.000000000000,0.000000000000,0.000000000000,,end,pregrasp_to_descend
14.831591220,0.262736508249,-0.342845012806,0.330740482648,1.581623447276,0.245737111007,0.000000000000,0.000000000000,0.000000000000,0.000000000000,0.000000000000,0.000000000000,0.000000000000,0.000000000000,0.000000000000,0.000000000000,,settle,pregrasp_to_descend
14.881591220,0.262736508249,-0.342845012806,0.330740482648,1.581623447276,0.245737111007,0.000000000000,0.000000000000,0.000000000000,0.000000000000,0.000000000000,0.000000000000,0.000000000000,0.000000000000,0.000000000000,0.000000000000,,settle,pregrasp_to_descend
14.931591220,0.262736508249,-0.342845012806,0.330740482648,1.581623447276,0.245737111007,0.000000000000,0.000000000000,0.000000000000,0.000000000000,0.000000000000,0.000000000000,0.000000000000,0.000000000000,0.000000000000,0.000000000000,,settle,pregrasp_to_descend
14.981591220,0.262736508249,-0.342845012806,0.330740482648,1.581623447276,0.245737111007,0.000000000000,0.000000000000,0.000000000000,0.000000000000,0.000000000000,0.000000000000,0.000000000000,0.000000000000,0.000000000000,0.000000000000,,settle,pregrasp_to_descend
15.031591220,0.262736508249,-0.342595012806,0.330740482648,1.581623447276,0.245737111007,0.000000000000,0.010000000000,0.000000000000,0.000000000000,0.000000000000,0.000000000000,0.200000000000,0.000000000000,0.000000000000,0.000000000000,shoulder_lift,accelerate,pregrasp_to_descend
15.081591220,0.262736508249,-0.341845012806,0.330740482648,1.581623447276,0.245737111007,0.000000000000,0.020000000000,0.000000000000,0.000000000000,0.000000000000,0.000000000000,0.200000000000,0.000000000000,0.000000000000,0.000000000000,shoulder_lift,accelerate,pregrasp_to_descend
15.131591220,0.262736508249,-0.340595012806,0.330740482648,1.581623447276,0.245737111007,0.000000000000,0.030000000000,0.000000000000,0.000000000000,0.000000000000,0.000000000000,0.200000000000,0.000000000000,0.000000000000,0.000000000000,shoulder_lift,accelerate,pregrasp_to_descend
15.181591220,0.262736508249,-0.338845012806,0.330740482648,1.581623447276,0.245737111007,0.000000000000,0.040000000000,0.000000000000,0.000000000000,0.000000000000,0.000000000000,0.200000000000,0.000000000000,0.000000000000,0.000000000000,shoulder_lift,accelerate,pregrasp_to_descend
15.231591220,0.262736508249,-0.336595012806,0.330740482648,1.581623447276,0.245737111007,0.000000000000,0.050000000000,0.000000000000,0.000000000000,0.000000000000,0.000000000000,0.200000000000,0.000000000000,0.000000000000,0.000000000000,shoulder_lift,accelerate,pregrasp_to_descend
15.281591220,0.262736508249,-0.333845012806,0.330740482648,1.581623447276,0.245737111007,0.000000000000,0.060000000000,0.000000000000,0.000000000000,0.000000000000,0.000000000000,0.200000000000,0.000000000000,0.000000000000,0.000000000000,shoulder_lift,accelerate,pregrasp_to_descend
15.331591220,0.262736508249,-0.330876804245,0.330740482648,1.581623447276,0.245737111007,0.000000000000,0.054985568564,0.000000000000,0.000000000000,0.000000000000,0.000000000000,-0.200000000000,0.000000000000,0.000000000000,0.000000000000,shoulder_lift,decelerate,pregrasp_to_descend
15.381591220,0.262736508249,-0.328377525817,0.330740482648,1.581623447276,0.245737111007,0.000000000000,0.044985568564,0.000000000000,0.000000000000,0.000000000000,0.000000000000,-0.200000000000,0.000000000000,0.000000000000,0.000000000000,shoulder_lift,decelerate,pregrasp_to_descend
15.431591220,0.262736508249,-0.326378247389,0.330740482648,1.581623447276,0.245737111007,0.000000000000,0.034985568564,0.000000000000,0.000000000000,0.000000000000,0.000000000000,-0.200000000000,0.000000000000,0.000000000000,0.000000000000,shoulder_lift,decelerate,pregrasp_to_descend
15.481591220,0.262736508249,-0.324878968961,0.330740482648,1.581623447276,0.245737111007,0.000000000000,0.024985568564,0.000000000000,0.000000000000,0.000000000000,0.000000000000,-0.200000000000,0.000000000000,0.000000000000,0.000000000000,shoulder_lift,decelerate,pregrasp_to_descend
15.531591220,0.262736508249,-0.323879690532,0.330740482648,1.581623447276,0.245737111007,0.000000000000,0.014985568564,0.000000000000,0.000000000000,0.000000000000,0.000000000000,-0.200000000000,0.000000000000,0.000000000000,0.000000000000,shoulder_lift,decelerate,pregrasp_to_descend
15.581591220,0.262736508249,-0.323380412104,0.330740482648,1.581623447276,0.245737111007,0.000000000000,0.004985568564,0.000000000000,0.000000000000,0.000000000000,0.000000000000,-0.200000000000,0.000000000000,0.000000000000,0.000000000000,shoulder_lift,decelerate,pregrasp_to_descend
15.606519063,0.262736508249,-0.323318272369,0.330740482648,1.581623447276,0.245737111007,0.000000000000,0.000000000000,0.000000000000,0.000000000000,0.000000000000,0.000000000000,0.000000000000,0.000000000000,0.000000000000,0.000000000000,,end,pregrasp_to_descend
15.656519063,0.262736508249,-0.323318272369,0.330740482648,1.581623447276,0.245737111007,0.000000000000,0.000000000000,0.000000000000,0.000000000000,0.000000000000,0.000000000000,0.000000000000,0.000000000000,0.000000000000,0.000000000000,,settle,pregrasp_to_descend
15.706519063,0.262736508249,-0.323318272369,0.330740482648,1.581623447276,0.245737111007,0.000000000000,0.000000000000,0.000000000000,0.000000000000,0.000000000000,0.000000000000,0.000000000000,0.000000000000,0.000000000000,0.000000000000,,settle,pregrasp_to_descend
15.756519063,0.262736508249,-0.323318272369,0.330740482648,1.581623447276,0.245737111007,0.000000000000,0.000000000000,0.000000000000,0.000000000000,0.000000000000,0.000000000000,0.000000000000,0.000000000000,0.000000000000,0.000000000000,,settle,pregrasp_to_descend
15.806519063,0.262736508249,-0.323318272369,0.330740482648,1.581623447276,0.245737111007,0.000000000000,0.000000000000,0.000000000000,0.000000000000,0.000000000000,0.000000000000,0.000000000000,0.000000000000,0.000000000000,0.000000000000,,settle,pregrasp_to_descend
15.856519063,0.262736508249,-0.323318272369,0.330990482648,1.581623447276,0.245737111007,0.000000000000,0.000000000000,0.010000000000,0.000000000000,0.000000000000,0.000000000000,0.000000000000,0.200000000000,0.000000000000,0.000000000000,elbow_flex,accelerate,pregrasp_to_descend
15.906519063,0.262736508249,-0.323318272369,0.331740482648,1.581623447276,0.245737111007,0.000000000000,0.000000000000,0.020000000000,0.000000000000,0.000000000000,0.000000000000,0.000000000000,0.200000000000,0.000000000000,0.000000000000,elbow_flex,accelerate,pregrasp_to_descend
15.956519063,0.262736508249,-0.323318272369,0.332990482648,1.581623447276,0.245737111007,0.000000000000,0.000000000000,0.030000000000,0.000000000000,0.000000000000,0.000000000000,0.000000000000,0.200000000000,0.000000000000,0.000000000000,elbow_flex,accelerate,pregrasp_to_descend
16.006519063,0.262736508249,-0.323318272369,0.334740482648,1.581623447276,0.245737111007,0.000000000000,0.000000000000,0.040000000000,0.000000000000,0.000000000000,0.000000000000,0.000000000000,0.200000000000,0.000000000000,0.000000000000,elbow_flex,accelerate,pregrasp_to_descend
16.056519063,0.262736508249,-0.323318272369,0.336990482648,1.581623447276,0.245737111007,0.000000000000,0.000000000000,0.050000000000,0.000000000000,0.000000000000,0.000000000000,0.000000000000,0.200000000000,0.000000000000,0.000000000000,elbow_flex,accelerate,pregrasp_to_descend
16.106519063,0.262736508249,-0.323318272369,0.339740482648,1.581623447276,0.245737111007,0.000000000000,0.000000000000,0.060000000000,0.000000000000,0.000000000000,0.000000000000,0.000000000000,0.200000000000,0.000000000000,0.000000000000,elbow_flex,accelerate,pregrasp_to_descend
16.156519063,0.262736508249,-0.323318272369,0.342990482648,1.581623447276,0.245737111007,0.000000000000,0.000000000000,0.070000000000,0.000000000000,0.000000000000,0.000000000000,0.000000000000,0.200000000000,0.000000000000,0.000000000000,elbow_flex,accelerate,pregrasp_to_descend
16.206519063,0.262736508249,-0.323318272369,0.346740482648,1.581623447276,0.245737111007,0.000000000000,0.000000000000,0.080000000000,0.000000000000,0.000000000000,0.000000000000,0.000000000000,0.000000000000,0.000000000000,0.000000000000,elbow_flex,cruise,pregrasp_to_descend
16.256519063,0.262736508249,-0.323318272369,0.350740482648,1.581623447276,0.245737111007,0.000000000000,0.000000000000,0.080000000000,0.000000000000,0.000000000000,0.000000000000,0.000000000000,0.000000000000,0.000000000000,0.000000000000,elbow_flex,cruise,pregrasp_to_descend
16.306519063,0.262736508249,-0.323318272369,0.354740482648,1.581623447276,0.245737111007,0.000000000000,0.000000000000,0.080000000000,0.000000000000,0.000000000000,0.000000000000,0.000000000000,0.000000000000,0.000000000000,0.000000000000,elbow_flex,cruise,pregrasp_to_descend
16.356519063,0.262736508249,-0.323318272369,0.358740482648,1.581623447276,0.245737111007,0.000000000000,0.000000000000,0.080000000000,0.000000000000,0.000000000000,0.000000000000,0.000000000000,0.000000000000,0.000000000000,0.000000000000,elbow_flex,cruise,pregrasp_to_descend
16.406519063,0.262736508249,-0.323318272369,0.362740482648,1.581623447276,0.245737111007,0.000000000000,0.000000000000,0.080000000000,0.000000000000,0.000000000000,0.000000000000,0.000000000000,0.000000000000,0.000000000000,0.000000000000,elbow_flex,cruise,pregrasp_to_descend
16.456519063,0.262736508249,-0.323318272369,0.366740482648,1.581623447276,0.245737111007,0.000000000000,0.000000000000,0.080000000000,0.000000000000,0.000000000000,0.000000000000,0.000000000000,0.000000000000,0.000000000000,0.000000000000,elbow_flex,cruise,pregrasp_to_descend
16.506519063,0.262736508249,-0.323318272369,0.370740482648,1.581623447276,0.245737111007,0.000000000000,0.000000000000,0.080000000000,0.000000000000,0.000000000000,0.000000000000,0.000000000000,0.000000000000,0.000000000000,0.000000000000,elbow_flex,cruise,pregrasp_to_descend
16.556519063,0.262736508249,-0.323318272369,0.374740482648,1.581623447276,0.245737111007,0.000000000000,0.000000000000,0.080000000000,0.000000000000,0.000000000000,0.000000000000,0.000000000000,0.000000000000,0.000000000000,0.000000000000,elbow_flex,cruise,pregrasp_to_descend
16.606519063,0.262736508249,-0.323318272369,0.378740482648,1.581623447276,0.245737111007,0.000000000000,0.000000000000,0.080000000000,0.000000000000,0.000000000000,0.000000000000,0.000000000000,0.000000000000,0.000000000000,0.000000000000,elbow_flex,cruise,pregrasp_to_descend
16.656519063,0.262736508249,-0.323318272369,0.382740482648,1.581623447276,0.245737111007,0.000000000000,0.000000000000,0.080000000000,0.000000000000,0.000000000000,0.000000000000,0.000000000000,0.000000000000,0.000000000000,0.000000000000,elbow_flex,cruise,pregrasp_to_descend
16.706519063,0.262736508249,-0.323318272369,0.386740482648,1.581623447276,0.245737111007,0.000000000000,0.000000000000,0.080000000000,0.000000000000,0.000000000000,0.000000000000,0.000000000000,0.000000000000,0.000000000000,0.000000000000,elbow_flex,cruise,pregrasp_to_descend
16.756519063,0.262736508249,-0.323318272369,0.390740482648,1.581623447276,0.245737111007,0.000000000000,0.000000000000,0.080000000000,0.000000000000,0.000000000000,0.000000000000,0.000000000000,0.000000000000,0.000000000000,0.000000000000,elbow_flex,cruise,pregrasp_to_descend
16.806519063,0.262736508249,-0.323318272369,0.394740482648,1.581623447276,0.245737111007,0.000000000000,0.000000000000,0.080000000000,0.000000000000,0.000000000000,0.000000000000,0.000000000000,0.000000000000,0.000000000000,0.000000000000,elbow_flex,cruise,pregrasp_to_descend
16.856519063,0.262736508249,-0.323318272369,0.398740482648,1.581623447276,0.245737111007,0.000000000000,0.000000000000,0.080000000000,0.000000000000,0.000000000000,0.000000000000,0.000000000000,0.000000000000,0.000000000000,0.000000000000,elbow_flex,cruise,pregrasp_to_descend
16.906519063,0.262736508249,-0.323318272369,0.402740482648,1.581623447276,0.245737111007,0.000000000000,0.000000000000,0.080000000000,0.000000000000,0.000000000000,0.000000000000,0.000000000000,0.000000000000,0.000000000000,0.000000000000,elbow_flex,cruise,pregrasp_to_descend
16.956519063,0.262736508249,-0.323318272369,0.406740482648,1.581623447276,0.245737111007,0.000000000000,0.000000000000,0.080000000000,0.000000000000,0.000000000000,0.000000000000,0.000000000000,0.000000000000,0.000000000000,0.000000000000,elbow_flex,cruise,pregrasp_to_descend
17.006519063,0.262736508249,-0.323318272369,0.410740482648,1.581623447276,0.245737111007,0.000000000000,0.000000000000,0.080000000000,0.000000000000,0.000000000000,0.000000000000,0.000000000000,0.000000000000,0.000000000000,0.000000000000,elbow_flex,cruise,pregrasp_to_descend
17.056519063,0.262736508249,-0.323318272369,0.414740482648,1.581623447276,0.245737111007,0.000000000000,0.000000000000,0.080000000000,0.000000000000,0.000000000000,0.000000000000,0.000000000000,0.000000000000,0.000000000000,0.000000000000,elbow_flex,cruise,pregrasp_to_descend
17.106519063,0.262736508249,-0.323318272369,0.418740482648,1.581623447276,0.245737111007,0.000000000000,0.000000000000,0.080000000000,0.000000000000,0.000000000000,0.000000000000,0.000000000000,0.000000000000,0.000000000000,0.000000000000,elbow_flex,cruise,pregrasp_to_descend
17.156519063,0.262736508249,-0.323318272369,0.422740482648,1.581623447276,0.245737111007,0.000000000000,0.000000000000,0.080000000000,0.000000000000,0.000000000000,0.000000000000,0.000000000000,0.000000000000,0.000000000000,0.000000000000,elbow_flex,cruise,pregrasp_to_descend
17.206519063,0.262736508249,-0.323318272369,0.426740482648,1.581623447276,0.245737111007,0.000000000000,0.000000000000,0.080000000000,0.000000000000,0.000000000000,0.000000000000,0.000000000000,0.000000000000,0.000000000000,0.000000000000,elbow_flex,cruise,pregrasp_to_descend
17.256519063,0.262736508249,-0.323318272369,0.430740482648,1.581623447276,0.245737111007,0.000000000000,0.000000000000,0.080000000000,0.000000000000,0.000000000000,0.000000000000,0.000000000000,0.000000000000,0.000000000000,0.000000000000,elbow_flex,cruise,pregrasp_to_descend
17.306519063,0.262736508249,-0.323318272369,0.434740482648,1.581623447276,0.245737111007,0.000000000000,0.000000000000,0.080000000000,0.000000000000,0.000000000000,0.000000000000,0.000000000000,0.000000000000,0.000000000000,0.000000000000,elbow_flex,cruise,pregrasp_to_descend
17.356519063,0.262736508249,-0.323318272369,0.438740482648,1.581623447276,0.245737111007,0.000000000000,0.000000000000,0.080000000000,0.000000000000,0.000000000000,0.000000000000,0.000000000000,0.000000000000,0.000000000000,0.000000000000,elbow_flex,cruise,pregrasp_to_descend
17.406519063,0.262736508249,-0.323318272369,0.442740482648,1.581623447276,0.245737111007,0.000000000000,0.000000000000,0.080000000000,0.000000000000,0.000000000000,0.000000000000,0.000000000000,0.000000000000,0.000000000000,0.000000000000,elbow_flex,cruise,pregrasp_to_descend
17.456519063,0.262736508249,-0.323318272369,0.446740482648,1.581623447276,0.245737111007,0.000000000000,0.000000000000,0.080000000000,0.000000000000,0.000000000000,0.000000000000,0.000000000000,0.000000000000,0.000000000000,0.000000000000,elbow_flex,cruise,pregrasp_to_descend
17.506519063,0.262736508249,-0.323318272369,0.450740482648,1.581623447276,0.245737111007,0.000000000000,0.000000000000,0.080000000000,0.000000000000,0.000000000000,0.000000000000,0.000000000000,0.000000000000,0.000000000000,0.000000000000,elbow_flex,cruise,pregrasp_to_descend
17.556519063,0.262736508249,-0.323318272369,0.454740482648,1.581623447276,0.245737111007,0.000000000000,0.000000000000,0.080000000000,0.000000000000,0.000000000000,0.000000000000,0.000000000000,0.000000000000,0.000000000000,0.000000000000,elbow_flex,cruise,pregrasp_to_descend
17.606519063,0.262736508249,-0.323318272369,0.458740482648,1.581623447276,0.245737111007,0.000000000000,0.000000000000,0.080000000000,0.000000000000,0.000000000000,0.000000000000,0.000000000000,0.000000000000,0.000000000000,0.000000000000,elbow_flex,cruise,pregrasp_to_descend
17.656519063,0.262736508249,-0.323318272369,0.462740482648,1.581623447276,0.245737111007,0.000000000000,0.000000000000,0.080000000000,0.000000000000,0.000000000000,0.000000000000,0.000000000000,0.000000000000,0.000000000000,0.000000000000,elbow_flex,cruise,pregrasp_to_descend
17.706519063,0.262736508249,-0.323318272369,0.466740482648,1.581623447276,0.245737111007,0.000000000000,0.000000000000,0.080000000000,0.000000000000,0.000000000000,0.000000000000,0.000000000000,0.000000000000,0.000000000000,0.000000000000,elbow_flex,cruise,pregrasp_to_descend
17.756519063,0.262736508249,-0.323318272369,0.470740482648,1.581623447276,0.245737111007,0.000000000000,0.000000000000,0.080000000000,0.000000000000,0.000000000000,0.000000000000,0.000000000000,0.000000000000,0.000000000000,0.000000000000,elbow_flex,cruise,pregrasp_to_descend
17.806519063,0.262736508249,-0.323318272369,0.474740482648,1.581623447276,0.245737111007,0.000000000000,0.000000000000,0.080000000000,0.000000000000,0.000000000000,0.000000000000,0.000000000000,0.000000000000,0.000000000000,0.000000000000,elbow_flex,cruise,pregrasp_to_descend
17.856519063,0.262736508249,-0.323318272369,0.478604252938,1.581623447276,0.245737111007,0.000000000000,0.000000000000,0.072618138178,0.000000000000,0.000000000000,0.000000000000,0.000000000000,-0.200000000000,0.000000000000,0.000000000000,elbow_flex,decelerate,pregrasp_to_descend
17.906519063,0.262736508249,-0.323318272369,0.481985159847,1.581623447276,0.245737111007,0.000000000000,0.000000000000,0.062618138178,0.000000000000,0.000000000000,0.000000000000,0.000000000000,-0.200000000000,0.000000000000,0.000000000000,elbow_flex,decelerate,pregrasp_to_descend
17.956519063,0.262736508249,-0.323318272369,0.484866066756,1.581623447276,0.245737111007,0.000000000000,0.000000000000,0.052618138178,0.000000000000,0.000000000000,0.000000000000,0.000000000000,-0.200000000000,0.000000000000,0.000000000000,elbow_flex,decelerate,pregrasp_to_descend
18.006519063,0.262736508249,-0.323318272369,0.487246973665,1.581623447276,0.245737111007,0.000000000000,0.000000000000,0.042618138178,0.000000000000,0.000000000000,0.000000000000,0.000000000000,-0.200000000000,0.000000000000,0.000000000000,elbow_flex,decelerate,pregrasp_to_descend
18.056519063,0.262736508249,-0.323318272369,0.489127880574,1.581623447276,0.245737111007,0.000000000000,0.000000000000,0.032618138178,0.000000000000,0.000000000000,0.000000000000,0.000000000000,-0.200000000000,0.000000000000,0.000000000000,elbow_flex,decelerate,pregrasp_to_descend
18.106519063,0.262736508249,-0.323318272369,0.490508787483,1.581623447276,0.245737111007,0.000000000000,0.000000000000,0.022618138178,0.000000000000,0.000000000000,0.000000000000,0.000000000000,-0.200000000000,0.000000000000,0.000000000000,elbow_flex,decelerate,pregrasp_to_descend
18.156519063,0.262736508249,-0.323318272369,0.491389694392,1.581623447276,0.245737111007,0.000000000000,0.000000000000,0.012618138178,0.000000000000,0.000000000000,0.000000000000,0.000000000000,-0.200000000000,0.000000000000,0.000000000000,elbow_flex,decelerate,pregrasp_to_descend
18.206519063,0.262736508249,-0.323318272369,0.491770601300,1.581623447276,0.245737111007,0.000000000000,0.000000000000,0.002618138178,0.000000000000,0.000000000000,0.000000000000,0.000000000000,-0.200000000000,0.000000000000,0.000000000000,elbow_flex,decelerate,pregrasp_to_descend
18.219609754,0.262736508249,-0.323318272369,0.491787737919,1.581623447276,0.245737111007,0.000000000000,0.000000000000,0.000000000000,0.000000000000,0.000000000000,0.000000000000,0.000000000000,0.000000000000,0.000000000000,0.000000000000,,end,pregrasp_to_descend
18.269609754,0.262736508249,-0.323318272369,0.491787737919,1.581623447276,0.245737111007,0.000000000000,0.000000000000,0.000000000000,0.000000000000,0.000000000000,0.000000000000,0.000000000000,0.000000000000,0.000000000000,0.000000000000,,settle,pregrasp_to_descend
18.319609754,0.262736508249,-0.323318272369,0.491787737919,1.581623447276,0.245737111007,0.000000000000,0.000000000000,0.000000000000,0.000000000000,0.000000000000,0.000000000000,0.000000000000,0.000000000000,0.000000000000,0.000000000000,,settle,pregrasp_to_descend
18.369609754,0.262736508249,-0.323318272369,0.491787737919,1.581623447276,0.245737111007,0.000000000000,0.000000000000,0.000000000000,0.000000000000,0.000000000000,0.000000000000,0.000000000000,0.000000000000,0.000000000000,0.000000000000,,settle,pregrasp_to_descend
18.419609754,0.262736508249,-0.323318272369,0.491787737919,1.581623447276,0.245737111007,0.000000000000,0.000000000000,0.000000000000,0.000000000000,0.000000000000,0.000000000000,0.000000000000,0.000000000000,0.000000000000,0.000000000000,,settle,pregrasp_to_descend
18.469609754,0.262736508249,-0.323318272369,0.491787737919,1.581373447276,0.245737111007,0.000000000000,0.000000000000,0.000000000000,-0.010000000000,0.000000000000,0.000000000000,0.000000000000,0.000000000000,-0.200000000000,0.000000000000,wrist_flex,accelerate,pregrasp_to_descend
18.519609754,0.262736508249,-0.323318272369,0.491787737919,1.580623447276,0.245737111007,0.000000000000,0.000000000000,0.000000000000,-0.020000000000,0.000000000000,0.000000000000,0.000000000000,0.000000000000,-0.200000000000,0.000000000000,wrist_flex,accelerate,pregrasp_to_descend
18.569609754,0.262736508249,-0.323318272369,0.491787737919,1.579373447276,0.245737111007,0.000000000000,0.000000000000,0.000000000000,-0.030000000000,0.000000000000,0.000000000000,0.000000000000,0.000000000000,-0.200000000000,0.000000000000,wrist_flex,accelerate,pregrasp_to_descend
18.619609754,0.262736508249,-0.323318272369,0.491787737919,1.577623447276,0.245737111007,0.000000000000,0.000000000000,0.000000000000,-0.040000000000,0.000000000000,0.000000000000,0.000000000000,0.000000000000,-0.200000000000,0.000000000000,wrist_flex,accelerate,pregrasp_to_descend
18.669609754,0.262736508249,-0.323318272369,0.491787737919,1.575373447276,0.245737111007,0.000000000000,0.000000000000,0.000000000000,-0.050000000000,0.000000000000,0.000000000000,0.000000000000,0.000000000000,-0.200000000000,0.000000000000,wrist_flex,accelerate,pregrasp_to_descend
18.719609754,0.262736508249,-0.323318272369,0.491787737919,1.572623447276,0.245737111007,0.000000000000,0.000000000000,0.000000000000,-0.060000000000,0.000000000000,0.000000000000,0.000000000000,0.000000000000,-0.200000000000,0.000000000000,wrist_flex,accelerate,pregrasp_to_descend
18.769609754,0.262736508249,-0.323318272369,0.491787737919,1.569373447276,0.245737111007,0.000000000000,0.000000000000,0.000000000000,-0.070000000000,0.000000000000,0.000000000000,0.000000000000,0.000000000000,-0.200000000000,0.000000000000,wrist_flex,accelerate,pregrasp_to_descend
18.819609754,0.262736508249,-0.323318272369,0.491787737919,1.565623447276,0.245737111007,0.000000000000,0.000000000000,0.000000000000,-0.080000000000,0.000000000000,0.000000000000,0.000000000000,0.000000000000,-0.000000000000,0.000000000000,wrist_flex,cruise,pregrasp_to_descend
18.869609754,0.262736508249,-0.323318272369,0.491787737919,1.561623447276,0.245737111007,0.000000000000,0.000000000000,0.000000000000,-0.080000000000,0.000000000000,0.000000000000,0.000000000000,0.000000000000,-0.000000000000,0.000000000000,wrist_flex,cruise,pregrasp_to_descend
18.919609754,0.262736508249,-0.323318272369,0.491787737919,1.557623447276,0.245737111007,0.000000000000,0.000000000000,0.000000000000,-0.080000000000,0.000000000000,0.000000000000,0.000000000000,0.000000000000,-0.000000000000,0.000000000000,wrist_flex,cruise,pregrasp_to_descend
18.969609754,0.262736508249,-0.323318272369,0.491787737919,1.553623447276,0.245737111007,0.000000000000,0.000000000000,0.000000000000,-0.080000000000,0.000000000000,0.000000000000,0.000000000000,0.000000000000,-0.000000000000,0.000000000000,wrist_flex,cruise,pregrasp_to_descend
19.019609754,0.262736508249,-0.323318272369,0.491787737919,1.549623447276,0.245737111007,0.000000000000,0.000000000000,0.000000000000,-0.080000000000,0.000000000000,0.000000000000,0.000000000000,0.000000000000,-0.000000000000,0.000000000000,wrist_flex,cruise,pregrasp_to_descend
19.069609754,0.262736508249,-0.323318272369,0.491787737919,1.545623447276,0.245737111007,0.000000000000,0.000000000000,0.000000000000,-0.080000000000,0.000000000000,0.000000000000,0.000000000000,0.000000000000,-0.000000000000,0.000000000000,wrist_flex,cruise,pregrasp_to_descend
19.119609754,0.262736508249,-0.323318272369,0.491787737919,1.541623447276,0.245737111007,0.000000000000,0.000000000000,0.000000000000,-0.080000000000,0.000000000000,0.000000000000,0.000000000000,0.000000000000,-0.000000000000,0.000000000000,wrist_flex,cruise,pregrasp_to_descend
19.169609754,0.262736508249,-0.323318272369,0.491787737919,1.537623447276,0.245737111007,0.000000000000,0.000000000000,0.000000000000,-0.080000000000,0.000000000000,0.000000000000,0.000000000000,0.000000000000,-0.000000000000,0.000000000000,wrist_flex,cruise,pregrasp_to_descend
19.219609754,0.262736508249,-0.323318272369,0.491787737919,1.533623447276,0.245737111007,0.000000000000,0.000000000000,0.000000000000,-0.080000000000,0.000000000000,0.000000000000,0.000000000000,0.000000000000,-0.000000000000,0.000000000000,wrist_flex,cruise,pregrasp_to_descend
19.269609754,0.262736508249,-0.323318272369,0.491787737919,1.529623447276,0.245737111007,0.000000000000,0.000000000000,0.000000000000,-0.080000000000,0.000000000000,0.000000000000,0.000000000000,0.000000000000,-0.000000000000,0.000000000000,wrist_flex,cruise,pregrasp_to_descend
19.319609754,0.262736508249,-0.323318272369,0.491787737919,1.525623447276,0.245737111007,0.000000000000,0.000000000000,0.000000000000,-0.080000000000,0.000000000000,0.000000000000,0.000000000000,0.000000000000,-0.000000000000,0.000000000000,wrist_flex,cruise,pregrasp_to_descend
19.369609754,0.262736508249,-0.323318272369,0.491787737919,1.521623447276,0.245737111007,0.000000000000,0.000000000000,0.000000000000,-0.080000000000,0.000000000000,0.000000000000,0.000000000000,0.000000000000,-0.000000000000,0.000000000000,wrist_flex,cruise,pregrasp_to_descend
19.419609754,0.262736508249,-0.323318272369,0.491787737919,1.517623447276,0.245737111007,0.000000000000,0.000000000000,0.000000000000,-0.080000000000,0.000000000000,0.000000000000,0.000000000000,0.000000000000,-0.000000000000,0.000000000000,wrist_flex,cruise,pregrasp_to_descend
19.469609754,0.262736508249,-0.323318272369,0.491787737919,1.513623447276,0.245737111007,0.000000000000,0.000000000000,0.000000000000,-0.080000000000,0.000000000000,0.000000000000,0.000000000000,0.000000000000,-0.000000000000,0.000000000000,wrist_flex,cruise,pregrasp_to_descend
19.519609754,0.262736508249,-0.323318272369,0.491787737919,1.509623447276,0.245737111007,0.000000000000,0.000000000000,0.000000000000,-0.080000000000,0.000000000000,0.000000000000,0.000000000000,0.000000000000,-0.000000000000,0.000000000000,wrist_flex,cruise,pregrasp_to_descend
19.569609754,0.262736508249,-0.323318272369,0.491787737919,1.505623447276,0.245737111007,0.000000000000,0.000000000000,0.000000000000,-0.080000000000,0.000000000000,0.000000000000,0.000000000000,0.000000000000,-0.000000000000,0.000000000000,wrist_flex,cruise,pregrasp_to_descend
19.619609754,0.262736508249,-0.323318272369,0.491787737919,1.501623447276,0.245737111007,0.000000000000,0.000000000000,0.000000000000,-0.080000000000,0.000000000000,0.000000000000,0.000000000000,0.000000000000,-0.000000000000,0.000000000000,wrist_flex,cruise,pregrasp_to_descend
19.669609754,0.262736508249,-0.323318272369,0.491787737919,1.497623447276,0.245737111007,0.000000000000,0.000000000000,0.000000000000,-0.080000000000,0.000000000000,0.000000000000,0.000000000000,0.000000000000,-0.000000000000,0.000000000000,wrist_flex,cruise,pregrasp_to_descend
19.719609754,0.262736508249,-0.323318272369,0.491787737919,1.493623447276,0.245737111007,0.000000000000,0.000000000000,0.000000000000,-0.080000000000,0.000000000000,0.000000000000,0.000000000000,0.000000000000,-0.000000000000,0.000000000000,wrist_flex,cruise,pregrasp_to_descend
19.769609754,0.262736508249,-0.323318272369,0.491787737919,1.489623447276,0.245737111007,0.000000000000,0.000000000000,0.000000000000,-0.080000000000,0.000000000000,0.000000000000,0.000000000000,0.000000000000,-0.000000000000,0.000000000000,wrist_flex,cruise,pregrasp_to_descend
19.819609754,0.262736508249,-0.323318272369,0.491787737919,1.485623447276,0.245737111007,0.000000000000,0.000000000000,0.000000000000,-0.080000000000,0.000000000000,0.000000000000,0.000000000000,0.000000000000,-0.000000000000,0.000000000000,wrist_flex,cruise,pregrasp_to_descend
19.869609754,0.262736508249,-0.323318272369,0.491787737919,1.481623447276,0.245737111007,0.000000000000,0.000000000000,0.000000000000,-0.080000000000,0.000000000000,0.000000000000,0.000000000000,0.000000000000,-0.000000000000,0.000000000000,wrist_flex,cruise,pregrasp_to_descend
19.919609754,0.262736508249,-0.323318272369,0.491787737919,1.477623447276,0.245737111007,0.000000000000,0.000000000000,0.000000000000,-0.080000000000,0.000000000000,0.000000000000,0.000000000000,0.000000000000,-0.000000000000,0.000000000000,wrist_flex,cruise,pregrasp_to_descend
19.969609754,0.262736508249,-0.323318272369,0.491787737919,1.473623447276,0.245737111007,0.000000000000,0.000000000000,0.000000000000,-0.080000000000,0.000000000000,0.000000000000,0.000000000000,0.000000000000,-0.000000000000,0.000000000000,wrist_flex,cruise,pregrasp_to_descend
20.019609754,0.262736508249,-0.323318272369,0.491787737919,1.469623447276,0.245737111007,0.000000000000,0.000000000000,0.000000000000,-0.080000000000,0.000000000000,0.000000000000,0.000000000000,0.000000000000,-0.000000000000,0.000000000000,wrist_flex,cruise,pregrasp_to_descend
20.069609754,0.262736508249,-0.323318272369,0.491787737919,1.465623447276,0.245737111007,0.000000000000,0.000000000000,0.000000000000,-0.080000000000,0.000000000000,0.000000000000,0.000000000000,0.000000000000,-0.000000000000,0.000000000000,wrist_flex,cruise,pregrasp_to_descend
20.119609754,0.262736508249,-0.323318272369,0.491787737919,1.461623447276,0.245737111007,0.000000000000,0.000000000000,0.000000000000,-0.080000000000,0.000000000000,0.000000000000,0.000000000000,0.000000000000,-0.000000000000,0.000000000000,wrist_flex,cruise,pregrasp_to_descend
20.169609754,0.262736508249,-0.323318272369,0.491787737919,1.457623447276,0.245737111007,0.000000000000,0.000000000000,0.000000000000,-0.080000000000,0.000000000000,0.000000000000,0.000000000000,0.000000000000,-0.000000000000,0.000000000000,wrist_flex,cruise,pregrasp_to_descend
20.219609754,0.262736508249,-0.323318272369,0.491787737919,1.453623447276,0.245737111007,0.000000000000,0.000000000000,0.000000000000,-0.080000000000,0.000000000000,0.000000000000,0.000000000000,0.000000000000,-0.000000000000,0.000000000000,wrist_flex,cruise,pregrasp_to_descend
20.269609754,0.262736508249,-0.323318272369,0.491787737919,1.449623447276,0.245737111007,0.000000000000,0.000000000000,0.000000000000,-0.080000000000,0.000000000000,0.000000000000,0.000000000000,0.000000000000,-0.000000000000,0.000000000000,wrist_flex,cruise,pregrasp_to_descend
20.319609754,0.262736508249,-0.323318272369,0.491787737919,1.445623447276,0.245737111007,0.000000000000,0.000000000000,0.000000000000,-0.080000000000,0.000000000000,0.000000000000,0.000000000000,0.000000000000,-0.000000000000,0.000000000000,wrist_flex,cruise,pregrasp_to_descend
20.369609754,0.262736508249,-0.323318272369,0.491787737919,1.441623447276,0.245737111007,0.000000000000,0.000000000000,0.000000000000,-0.080000000000,0.000000000000,0.000000000000,0.000000000000,0.000000000000,-0.000000000000,0.000000000000,wrist_flex,cruise,pregrasp_to_descend
20.419609754,0.262736508249,-0.323318272369,0.491787737919,1.437623447276,0.245737111007,0.000000000000,0.000000000000,0.000000000000,-0.080000000000,0.000000000000,0.000000000000,0.000000000000,0.000000000000,-0.000000000000,0.000000000000,wrist_flex,cruise,pregrasp_to_descend
20.469609754,0.262736508249,-0.323318272369,0.491787737919,1.433623447276,0.245737111007,0.000000000000,0.000000000000,0.000000000000,-0.080000000000,0.000000000000,0.000000000000,0.000000000000,0.000000000000,-0.000000000000,0.000000000000,wrist_flex,cruise,pregrasp_to_descend
20.519609754,0.262736508249,-0.323318272369,0.491787737919,1.429623447276,0.245737111007,0.000000000000,0.000000000000,0.000000000000,-0.080000000000,0.000000000000,0.000000000000,0.000000000000,0.000000000000,-0.000000000000,0.000000000000,wrist_flex,cruise,pregrasp_to_descend
20.569609754,0.262736508249,-0.323318272369,0.491787737919,1.425623447276,0.245737111007,0.000000000000,0.000000000000,0.000000000000,-0.080000000000,0.000000000000,0.000000000000,0.000000000000,0.000000000000,-0.000000000000,0.000000000000,wrist_flex,cruise,pregrasp_to_descend
20.619609754,0.262736508249,-0.323318272369,0.491787737919,1.421623447276,0.245737111007,0.000000000000,0.000000000000,0.000000000000,-0.080000000000,0.000000000000,0.000000000000,0.000000000000,0.000000000000,-0.000000000000,0.000000000000,wrist_flex,cruise,pregrasp_to_descend
20.669609754,0.262736508249,-0.323318272369,0.491787737919,1.417702293388,0.245737111007,0.000000000000,0.000000000000,0.000000000000,-0.074384090058,0.000000000000,0.000000000000,0.000000000000,0.000000000000,0.200000000000,0.000000000000,wrist_flex,decelerate,pregrasp_to_descend
20.719609754,0.262736508249,-0.323318272369,0.491787737919,1.414233088885,0.245737111007,0.000000000000,0.000000000000,0.000000000000,-0.064384090058,0.000000000000,0.000000000000,0.000000000000,0.000000000000,0.200000000000,0.000000000000,wrist_flex,decelerate,pregrasp_to_descend
20.769609754,0.262736508249,-0.323318272369,0.491787737919,1.411263884382,0.245737111007,0.000000000000,0.000000000000,0.000000000000,-0.054384090058,0.000000000000,0.000000000000,0.000000000000,0.000000000000,0.200000000000,0.000000000000,wrist_flex,decelerate,pregrasp_to_descend
20.819609754,0.262736508249,-0.323318272369,0.491787737919,1.408794679879,0.245737111007,0.000000000000,0.000000000000,0.000000000000,-0.044384090058,0.000000000000,0.000000000000,0.000000000000,0.000000000000,0.200000000000,0.000000000000,wrist_flex,decelerate,pregrasp_to_descend
20.869609754,0.262736508249,-0.323318272369,0.491787737919,1.406825475376,0.245737111007,0.000000000000,0.000000000000,0.000000000000,-0.034384090058,0.000000000000,0.000000000000,0.000000000000,0.000000000000,0.200000000000,0.000000000000,wrist_flex,decelerate,pregrasp_to_descend
20.919609754,0.262736508249,-0.323318272369,0.491787737919,1.405356270873,0.245737111007,0.000000000000,0.000000000000,0.000000000000,-0.024384090058,0.000000000000,0.000000000000,0.000000000000,0.000000000000,0.200000000000,0.000000000000,wrist_flex,decelerate,pregrasp_to_descend
20.969609754,0.262736508249,-0.323318272369,0.491787737919,1.404387066370,0.245737111007,0.000000000000,0.000000000000,0.000000000000,-0.014384090058,0.000000000000,0.000000000000,0.000000000000,0.000000000000,0.200000000000,0.000000000000,wrist_flex,decelerate,pregrasp_to_descend
21.019609754,0.262736508249,-0.323318272369,0.491787737919,1.403917861867,0.245737111007,0.000000000000,0.000000000000,0.000000000000,-0.004384090058,0.000000000000,0.000000000000,0.000000000000,0.000000000000,0.200000000000,0.000000000000,wrist_flex,decelerate,pregrasp_to_descend
21.041530204,0.262736508249,-0.323318272369,0.491787737919,1.403869811253,0.245737111007,0.000000000000,0.000000000000,0.000000000000,0.000000000000,0.000000000000,0.000000000000,0.000000000000,0.000000000000,0.000000000000,0.000000000000,,end,pregrasp_to_descend
21.091530204,0.262736508249,-0.323318272369,0.491787737919,1.403869811253,0.245737111007,0.000000000000,0.000000000000,0.000000000000,0.000000000000,0.000000000000,0.000000000000,0.000000000000,0.000000000000,0.000000000000,0.000000000000,,settle,pregrasp_to_descend
21.141530204,0.262736508249,-0.323318272369,0.491787737919,1.403869811253,0.245737111007,0.000000000000,0.000000000000,0.000000000000,0.000000000000,0.000000000000,0.000000000000,0.000000000000,0.000000000000,0.000000000000,0.000000000000,,settle,pregrasp_to_descend
21.191530204,0.262736508249,-0.323318272369,0.491787737919,1.403869811253,0.245737111007,0.000000000000,0.000000000000,0.000000000000,0.000000000000,0.000000000000,0.000000000000,0.000000000000,0.000000000000,0.000000000000,0.000000000000,,settle,pregrasp_to_descend
21.241530204,0.262736508249,-0.323318272369,0.491787737919,1.403869811253,0.245737111007,0.000000000000,0.000000000000,0.000000000000,0.000000000000,0.000000000000,0.000000000000,0.000000000000,0.000000000000,0.000000000000,0.000000000000,,settle,pregrasp_to_descend
21.291530204,0.262736508249,-0.323318272369,0.491787737919,1.403869811253,0.245987111007,0.000000000000,0.000000000000,0.000000000000,0.000000000000,0.010000000000,0.000000000000,0.000000000000,0.000000000000,0.000000000000,0.200000000000,wrist_roll,accelerate,pregrasp_to_descend
21.341530204,0.262736508249,-0.323318272369,0.491787737919,1.403869811253,0.246737111007,0.000000000000,0.000000000000,0.000000000000,0.000000000000,0.020000000000,0.000000000000,0.000000000000,0.000000000000,0.000000000000,0.200000000000,wrist_roll,accelerate,pregrasp_to_descend
21.391530204,0.262736508249,-0.323318272369,0.491787737919,1.403869811253,0.247784862921,0.000000000000,0.000000000000,0.000000000000,0.000000000000,0.017279997311,0.000000000000,0.000000000000,0.000000000000,0.000000000000,-0.200000000000,wrist_roll,decelerate,pregrasp_to_descend
21.441530204,0.262736508249,-0.323318272369,0.491787737919,1.403869811253,0.248398862787,0.000000000000,0.000000000000,0.000000000000,0.000000000000,0.007279997311,0.000000000000,0.000000000000,0.000000000000,0.000000000000,-0.200000000000,wrist_roll,decelerate,pregrasp_to_descend
21.477930191,0.262736508249,-0.323318272369,0.491787737919,1.403869811253,0.248531358689,0.000000000000,0.000000000000,0.000000000000,0.000000000000,0.000000000000,0.000000000000,0.000000000000,0.000000000000,0.000000000000,0.000000000000,,end,pregrasp_to_descend
21.527930191,0.262736508249,-0.323318272369,0.491787737919,1.403869811253,0.248531358689,0.000000000000,0.000000000000,0.000000000000,0.000000000000,0.000000000000,0.000000000000,0.000000000000,0.000000000000,0.000000000000,0.000000000000,,settle,pregrasp_to_descend
21.577930191,0.262736508249,-0.323318272369,0.491787737919,1.403869811253,0.248531358689,0.000000000000,0.000000000000,0.000000000000,0.000000000000,0.000000000000,0.000000000000,0.000000000000,0.000000000000,0.000000000000,0.000000000000,,settle,pregrasp_to_descend
21.627930191,0.262736508249,-0.323318272369,0.491787737919,1.403869811253,0.248531358689,0.000000000000,0.000000000000,0.000000000000,0.000000000000,0.000000000000,0.000000000000,0.000000000000,0.000000000000,0.000000000000,0.000000000000,,settle,pregrasp_to_descend
21.677930191,0.262736508249,-0.323318272369,0.491787737919,1.403869811253,0.248531358689,0.000000000000,0.000000000000,0.000000000000,0.000000000000,0.000000000000,0.000000000000,0.000000000000,0.000000000000,0.000000000000,0.000000000000,,settle,pregrasp_to_descend
21.727930191,0.262736508249,-0.323318272369,0.491787737919,1.403869811253,0.248531358689,0.000000000000,0.000000000000,0.000000000000,0.000000000000,0.000000000000,0.000000000000,0.000000000000,0.000000000000,0.000000000000,0.000000000000,,stage_settle,pregrasp_to_descend_to_next
21.777930191,0.262736508249,-0.323318272369,0.491787737919,1.403869811253,0.248531358689,0.000000000000,0.000000000000,0.000000000000,0.000000000000,0.000000000000,0.000000000000,0.000000000000,0.000000000000,0.000000000000,0.000000000000,,stage_settle,pregrasp_to_descend_to_next
21.827930191,0.262736508249,-0.323318272369,0.491787737919,1.403869811253,0.248531358689,0.000000000000,0.000000000000,0.000000000000,0.000000000000,0.000000000000,0.000000000000,0.000000000000,0.000000000000,0.000000000000,0.000000000000,,stage_settle,pregrasp_to_descend_to_next
21.877930191,0.262736508249,-0.323318272369,0.491787737919,1.403869811253,0.248531358689,0.000000000000,0.000000000000,0.000000000000,0.000000000000,0.000000000000,0.000000000000,0.000000000000,0.000000000000,0.000000000000,0.000000000000,,stage_settle,pregrasp_to_descend_to_next
21.927930191,0.262736508249,-0.323318272369,0.491787737919,1.403869811253,0.248531358689,0.000000000000,0.000000000000,0.000000000000,0.000000000000,0.000000000000,0.000000000000,0.000000000000,0.000000000000,0.000000000000,0.000000000000,,stage_settle,pregrasp_to_descend_to_next
21.977930191,0.262736508249,-0.323318272369,0.491787737919,1.403869811253,0.248531358689,0.000000000000,0.000000000000,0.000000000000,0.000000000000,0.000000000000,0.000000000000,0.000000000000,0.000000000000,0.000000000000,0.000000000000,,stage_settle,pregrasp_to_descend_to_next
22.027930191,0.262736508249,-0.323318272369,0.491787737919,1.403869811253,0.248531358689,0.000000000000,0.000000000000,0.000000000000,0.000000000000,0.000000000000,0.000000000000,0.000000000000,0.000000000000,0.000000000000,0.000000000000,,stage_settle,pregrasp_to_descend_to_next
22.077930191,0.262736508249,-0.323318272369,0.491787737919,1.403869811253,0.248531358689,0.000000000000,0.000000000000,0.000000000000,0.000000000000,0.000000000000,0.000000000000,0.000000000000,0.000000000000,0.000000000000,0.000000000000,,stage_settle,pregrasp_to_descend_to_next
22.127930191,0.262736508249,-0.323318272369,0.491787737919,1.403869811253,0.248531358689,0.000000000000,0.000000000000,0.000000000000,0.000000000000,0.000000000000,0.000000000000,0.000000000000,0.000000000000,0.000000000000,0.000000000000,,stage_settle,pregrasp_to_descend_to_next
22.177930191,0.262736508249,-0.323318272369,0.491787737919,1.403869811253,0.248531358689,0.000000000000,0.000000000000,0.000000000000,0.000000000000,0.000000000000,0.000000000000,0.000000000000,0.000000000000,0.000000000000,0.000000000000,,stage_settle,pregrasp_to_descend_to_next
22.227930191,0.262756491283,-0.323318272369,0.491787737919,1.403869811253,0.248531358689,0.000000000000,0.000000000000,0.000000000000,0.000000000000,0.000000000000,0.000000000000,0.000000000000,0.000000000000,0.000000000000,0.000000000000,,static,descend_to_lift
22.277930191,0.262756491283,-0.323568272369,0.491787737919,1.403869811253,0.248531358689,0.000000000000,-0.010000000000,0.000000000000,0.000000000000,0.000000000000,0.000000000000,-0.200000000000,0.000000000000,0.000000000000,0.000000000000,shoulder_lift,accelerate,descend_to_lift
22.327930191,0.262756491283,-0.324318272369,0.491787737919,1.403869811253,0.248531358689,0.000000000000,-0.020000000000,0.000000000000,0.000000000000,0.000000000000,0.000000000000,-0.200000000000,0.000000000000,0.000000000000,0.000000000000,shoulder_lift,accelerate,descend_to_lift
22.377930191,0.262756491283,-0.325568272369,0.491787737919,1.403869811253,0.248531358689,0.000000000000,-0.030000000000,0.000000000000,0.000000000000,0.000000000000,0.000000000000,-0.200000000000,0.000000000000,0.000000000000,0.000000000000,shoulder_lift,accelerate,descend_to_lift
22.427930191,0.262756491283,-0.327318272369,0.491787737919,1.403869811253,0.248531358689,0.000000000000,-0.040000000000,0.000000000000,0.000000000000,0.000000000000,0.000000000000,-0.200000000000,0.000000000000,0.000000000000,0.000000000000,shoulder_lift,accelerate,descend_to_lift
22.477930191,0.262756491283,-0.329568272369,0.491787737919,1.403869811253,0.248531358689,0.000000000000,-0.050000000000,0.000000000000,0.000000000000,0.000000000000,0.000000000000,-0.200000000000,0.000000000000,0.000000000000,0.000000000000,shoulder_lift,accelerate,descend_to_lift
22.527930191,0.262756491283,-0.332318272369,0.491787737919,1.403869811253,0.248531358689,0.000000000000,-0.060000000000,0.000000000000,0.000000000000,0.000000000000,0.000000000000,-0.200000000000,0.000000000000,0.000000000000,0.000000000000,shoulder_lift,accelerate,descend_to_lift
22.577930191,0.262756491283,-0.335510854492,0.491787737919,1.403869811253,0.248531358689,0.000000000000,-0.063222515088,0.000000000000,0.000000000000,0.000000000000,0.000000000000,0.200000000000,0.000000000000,0.000000000000,0.000000000000,shoulder_lift,decelerate,descend_to_lift
22.627930191,0.262756491283,-0.338421980247,0.491787737919,1.403869811253,0.248531358689,0.000000000000,-0.053222515088,0.000000000000,0.000000000000,0.000000000000,0.000000000000,0.200000000000,0.000000000000,0.000000000000,0.000000000000,shoulder_lift,decelerate,descend_to_lift
22.677930191,0.262756491283,-0.340833106001,0.491787737919,1.403869811253,0.248531358689,0.000000000000,-0.043222515088,0.000000000000,0.000000000000,0.000000000000,0.000000000000,0.200000000000,0.000000000000,0.000000000000,0.000000000000,shoulder_lift,decelerate,descend_to_lift
22.727930191,0.262756491283,-0.342744231755,0.491787737919,1.403869811253,0.248531358689,0.000000000000,-0.033222515088,0.000000000000,0.000000000000,0.000000000000,0.000000000000,0.200000000000,0.000000000000,0.000000000000,0.000000000000,shoulder_lift,decelerate,descend_to_lift
22.777930191,0.262756491283,-0.344155357510,0.491787737919,1.403869811253,0.248531358689,0.000000000000,-0.023222515088,0.000000000000,0.000000000000,0.000000000000,0.000000000000,0.200000000000,0.000000000000,0.000000000000,0.000000000000,shoulder_lift,decelerate,descend_to_lift
22.827930191,0.262756491283,-0.345066483264,0.491787737919,1.403869811253,0.248531358689,0.000000000000,-0.013222515088,0.000000000000,0.000000000000,0.000000000000,0.000000000000,0.200000000000,0.000000000000,0.000000000000,0.000000000000,shoulder_lift,decelerate,descend_to_lift
22.877930191,0.262756491283,-0.345477609019,0.491787737919,1.403869811253,0.248531358689,0.000000000000,-0.003222515088,0.000000000000,0.000000000000,0.000000000000,0.000000000000,0.200000000000,0.000000000000,0.000000000000,0.000000000000,shoulder_lift,decelerate,descend_to_lift
22.894042766,0.262756491283,-0.345503570527,0.491787737919,1.403869811253,0.248531358689,0.000000000000,0.000000000000,0.000000000000,0.000000000000,0.000000000000,0.000000000000,0.000000000000,0.000000000000,0.000000000000,0.000000000000,,end,descend_to_lift
22.944042766,0.262756491283,-0.345503570527,0.491787737919,1.403869811253,0.248531358689,0.000000000000,0.000000000000,0.000000000000,0.000000000000,0.000000000000,0.000000000000,0.000000000000,0.000000000000,0.000000000000,0.000000000000,,settle,descend_to_lift
22.994042766,0.262756491283,-0.345503570527,0.491787737919,1.403869811253,0.248531358689,0.000000000000,0.000000000000,0.000000000000,0.000000000000,0.000000000000,0.000000000000,0.000000000000,0.000000000000,0.000000000000,0.000000000000,,settle,descend_to_lift
23.044042766,0.262756491283,-0.345503570527,0.491787737919,1.403869811253,0.248531358689,0.000000000000,0.000000000000,0.000000000000,0.000000000000,0.000000000000,0.000000000000,0.000000000000,0.000000000000,0.000000000000,0.000000000000,,settle,descend_to_lift
23.094042766,0.262756491283,-0.345503570527,0.491787737919,1.403869811253,0.248531358689,0.000000000000,0.000000000000,0.000000000000,0.000000000000,0.000000000000,0.000000000000,0.000000000000,0.000000000000,0.000000000000,0.000000000000,,settle,descend_to_lift
23.144042766,0.262756491283,-0.345503570527,0.491537737919,1.403869811253,0.248531358689,0.000000000000,0.000000000000,-0.010000000000,0.000000000000,0.000000000000,0.000000000000,0.000000000000,-0.200000000000,0.000000000000,0.000000000000,elbow_flex,accelerate,descend_to_lift
23.194042766,0.262756491283,-0.345503570527,0.490787737919,1.403869811253,0.248531358689,0.000000000000,0.000000000000,-0.020000000000,0.000000000000,0.000000000000,0.000000000000,0.000000000000,-0.200000000000,0.000000000000,0.000000000000,elbow_flex,accelerate,descend_to_lift
23.244042766,0.262756491283,-0.345503570527,0.489537737919,1.403869811253,0.248531358689,0.000000000000,0.000000000000,-0.030000000000,0.000000000000,0.000000000000,0.000000000000,0.000000000000,-0.200000000000,0.000000000000,0.000000000000,elbow_flex,accelerate,descend_to_lift
23.294042766,0.262756491283,-0.345503570527,0.487787737919,1.403869811253,0.248531358689,0.000000000000,0.000000000000,-0.040000000000,0.000000000000,0.000000000000,0.000000000000,0.000000000000,-0.200000000000,0.000000000000,0.000000000000,elbow_flex,accelerate,descend_to_lift
23.344042766,0.262756491283,-0.345503570527,0.485537737919,1.403869811253,0.248531358689,0.000000000000,0.000000000000,-0.050000000000,0.000000000000,0.000000000000,0.000000000000,0.000000000000,-0.200000000000,0.000000000000,0.000000000000,elbow_flex,accelerate,descend_to_lift
23.394042766,0.262756491283,-0.345503570527,0.482787737919,1.403869811253,0.248531358689,0.000000000000,0.000000000000,-0.060000000000,0.000000000000,0.000000000000,0.000000000000,0.000000000000,-0.200000000000,0.000000000000,0.000000000000,elbow_flex,accelerate,descend_to_lift
23.444042766,0.262756491283,-0.345503570527,0.479537737919,1.403869811253,0.248531358689,0.000000000000,0.000000000000,-0.070000000000,0.000000000000,0.000000000000,0.000000000000,0.000000000000,-0.200000000000,0.000000000000,0.000000000000,elbow_flex,accelerate,descend_to_lift
23.494042766,0.262756491283,-0.345503570527,0.475787737919,1.403869811253,0.248531358689,0.000000000000,0.000000000000,-0.080000000000,0.000000000000,0.000000000000,0.000000000000,0.000000000000,-0.000000000000,0.000000000000,0.000000000000,elbow_flex,cruise,descend_to_lift
23.544042766,0.262756491283,-0.345503570527,0.471787737919,1.403869811253,0.248531358689,0.000000000000,0.000000000000,-0.080000000000,0.000000000000,0.000000000000,0.000000000000,0.000000000000,-0.000000000000,0.000000000000,0.000000000000,elbow_flex,cruise,descend_to_lift
23.594042766,0.262756491283,-0.345503570527,0.467787737919,1.403869811253,0.248531358689,0.000000000000,0.000000000000,-0.080000000000,0.000000000000,0.000000000000,0.000000000000,0.000000000000,-0.000000000000,0.000000000000,0.000000000000,elbow_flex,cruise,descend_to_lift
23.644042766,0.262756491283,-0.345503570527,0.463787737919,1.403869811253,0.248531358689,0.000000000000,0.000000000000,-0.080000000000,0.000000000000,0.000000000000,0.000000000000,0.000000000000,-0.000000000000,0.000000000000,0.000000000000,elbow_flex,cruise,descend_to_lift
23.694042766,0.262756491283,-0.345503570527,0.459787737919,1.403869811253,0.248531358689,0.000000000000,0.000000000000,-0.080000000000,0.000000000000,0.000000000000,0.000000000000,0.000000000000,-0.000000000000,0.000000000000,0.000000000000,elbow_flex,cruise,descend_to_lift
23.744042766,0.262756491283,-0.345503570527,0.455787737919,1.403869811253,0.248531358689,0.000000000000,0.000000000000,-0.080000000000,0.000000000000,0.000000000000,0.000000000000,0.000000000000,-0.000000000000,0.000000000000,0.000000000000,elbow_flex,cruise,descend_to_lift
23.794042766,0.262756491283,-0.345503570527,0.451787737919,1.403869811253,0.248531358689,0.000000000000,0.000000000000,-0.080000000000,0.000000000000,0.000000000000,0.000000000000,0.000000000000,-0.000000000000,0.000000000000,0.000000000000,elbow_flex,cruise,descend_to_lift
23.844042766,0.262756491283,-0.345503570527,0.447787737919,1.403869811253,0.248531358689,0.000000000000,0.000000000000,-0.080000000000,0.000000000000,0.000000000000,0.000000000000,0.000000000000,-0.000000000000,0.000000000000,0.000000000000,elbow_flex,cruise,descend_to_lift
23.894042766,0.262756491283,-0.345503570527,0.443787737919,1.403869811253,0.248531358689,0.000000000000,0.000000000000,-0.080000000000,0.000000000000,0.000000000000,0.000000000000,0.000000000000,-0.000000000000,0.000000000000,0.000000000000,elbow_flex,cruise,descend_to_lift
23.944042766,0.262756491283,-0.345503570527,0.439787737919,1.403869811253,0.248531358689,0.000000000000,0.000000000000,-0.080000000000,0.000000000000,0.000000000000,0.000000000000,0.000000000000,-0.000000000000,0.000000000000,0.000000000000,elbow_flex,cruise,descend_to_lift
23.994042766,0.262756491283,-0.345503570527,0.435787737919,1.403869811253,0.248531358689,0.000000000000,0.000000000000,-0.080000000000,0.000000000000,0.000000000000,0.000000000000,0.000000000000,-0.000000000000,0.000000000000,0.000000000000,elbow_flex,cruise,descend_to_lift
24.044042766,0.262756491283,-0.345503570527,0.431787737919,1.403869811253,0.248531358689,0.000000000000,0.000000000000,-0.080000000000,0.000000000000,0.000000000000,0.000000000000,0.000000000000,-0.000000000000,0.000000000000,0.000000000000,elbow_flex,cruise,descend_to_lift
24.094042766,0.262756491283,-0.345503570527,0.427787737919,1.403869811253,0.248531358689,0.000000000000,0.000000000000,-0.080000000000,0.000000000000,0.000000000000,0.000000000000,0.000000000000,-0.000000000000,0.000000000000,0.000000000000,elbow_flex,cruise,descend_to_lift
24.144042766,0.262756491283,-0.345503570527,0.423787737919,1.403869811253,0.248531358689,0.000000000000,0.000000000000,-0.080000000000,0.000000000000,0.000000000000,0.000000000000,0.000000000000,-0.000000000000,0.000000000000,0.000000000000,elbow_flex,cruise,descend_to_lift
24.194042766,0.262756491283,-0.345503570527,0.419787737919,1.403869811253,0.248531358689,0.000000000000,0.000000000000,-0.080000000000,0.000000000000,0.000000000000,0.000000000000,0.000000000000,-0.000000000000,0.000000000000,0.000000000000,elbow_flex,cruise,descend_to_lift
24.244042766,0.262756491283,-0.345503570527,0.415787737919,1.403869811253,0.248531358689,0.000000000000,0.000000000000,-0.080000000000,0.000000000000,0.000000000000,0.000000000000,0.000000000000,-0.000000000000,0.000000000000,0.000000000000,elbow_flex,cruise,descend_to_lift
24.294042766,0.262756491283,-0.345503570527,0.411787737919,1.403869811253,0.248531358689,0.000000000000,0.000000000000,-0.080000000000,0.000000000000,0.000000000000,0.000000000000,0.000000000000,-0.000000000000,0.000000000000,0.000000000000,elbow_flex,cruise,descend_to_lift
24.344042766,0.262756491283,-0.345503570527,0.407787737919,1.403869811253,0.248531358689,0.000000000000,0.000000000000,-0.080000000000,0.000000000000,0.000000000000,0.000000000000,0.000000000000,-0.000000000000,0.000000000000,0.000000000000,elbow_flex,cruise,descend_to_lift
24.394042766,0.262756491283,-0.345503570527,0.403787737919,1.403869811253,0.248531358689,0.000000000000,0.000000000000,-0.080000000000,0.000000000000,0.000000000000,0.000000000000,0.000000000000,-0.000000000000,0.000000000000,0.000000000000,elbow_flex,cruise,descend_to_lift
24.444042766,0.262756491283,-0.345503570527,0.399787737919,1.403869811253,0.248531358689,0.000000000000,0.000000000000,-0.080000000000,0.000000000000,0.000000000000,0.000000000000,0.000000000000,-0.000000000000,0.000000000000,0.000000000000,elbow_flex,cruise,descend_to_lift
24.494042766,0.262756491283,-0.345503570527,0.395787737919,1.403869811253,0.248531358689,0.000000000000,0.000000000000,-0.080000000000,0.000000000000,0.000000000000,0.000000000000,0.000000000000,-0.000000000000,0.000000000000,0.000000000000,elbow_flex,cruise,descend_to_lift
24.544042766,0.262756491283,-0.345503570527,0.391787737919,1.403869811253,0.248531358689,0.000000000000,0.000000000000,-0.080000000000,0.000000000000,0.000000000000,0.000000000000,0.000000000000,-0.000000000000,0.000000000000,0.000000000000,elbow_flex,cruise,descend_to_lift
24.594042766,0.262756491283,-0.345503570527,0.387787737919,1.403869811253,0.248531358689,0.000000000000,0.000000000000,-0.080000000000,0.000000000000,0.000000000000,0.000000000000,0.000000000000,-0.000000000000,0.000000000000,0.000000000000,elbow_flex,cruise,descend_to_lift
24.644042766,0.262756491283,-0.345503570527,0.383787737919,1.403869811253,0.248531358689,0.000000000000,0.000000000000,-0.080000000000,0.000000000000,0.000000000000,0.000000000000,0.000000000000,-0.000000000000,0.000000000000,0.000000000000,elbow_flex,cruise,descend_to_lift
24.694042766,0.262756491283,-0.345503570527,0.379787737919,1.403869811253,0.248531358689,0.000000000000,0.000000000000,-0.080000000000,0.000000000000,0.000000000000,0.000000000000,0.000000000000,-0.000000000000,0.000000000000,0.000000000000,elbow_flex,cruise,descend_to_lift
24.744042766,0.262756491283,-0.345503570527,0.375787737919,1.403869811253,0.248531358689,0.000000000000,0.000000000000,-0.080000000000,0.000000000000,0.000000000000,0.000000000000,0.000000000000,-0.000000000000,0.000000000000,0.000000000000,elbow_flex,cruise,descend_to_lift
24.794042766,0.262756491283,-0.345503570527,0.371787737919,1.403869811253,0.248531358689,0.000000000000,0.000000000000,-0.080000000000,0.000000000000,0.000000000000,0.000000000000,0.000000000000,-0.000000000000,0.000000000000,0.000000000000,elbow_flex,cruise,descend_to_lift
24.844042766,0.262756491283,-0.345503570527,0.367787737919,1.403869811253,0.248531358689,0.000000000000,0.000000000000,-0.080000000000,0.000000000000,0.000000000000,0.000000000000,0.000000000000,-0.000000000000,0.000000000000,0.000000000000,elbow_flex,cruise,descend_to_lift
24.894042766,0.262756491283,-0.345503570527,0.363787737919,1.403869811253,0.248531358689,0.000000000000,0.000000000000,-0.080000000000,0.000000000000,0.000000000000,0.000000000000,0.000000000000,-0.000000000000,0.000000000000,0.000000000000,elbow_flex,cruise,descend_to_lift
24.944042766,0.262756491283,-0.345503570527,0.359787737919,1.403869811253,0.248531358689,0.000000000000,0.000000000000,-0.080000000000,0.000000000000,0.000000000000,0.000000000000,0.000000000000,-0.000000000000,0.000000000000,0.000000000000,elbow_flex,cruise,descend_to_lift
24.994042766,0.262756491283,-0.345503570527,0.355787737919,1.403869811253,0.248531358689,0.000000000000,0.000000000000,-0.080000000000,0.000000000000,0.000000000000,0.000000000000,0.000000000000,-0.000000000000,0.000000000000,0.000000000000,elbow_flex,cruise,descend_to_lift
25.044042766,0.262756491283,-0.345503570527,0.351787737919,1.403869811253,0.248531358689,0.000000000000,0.000000000000,-0.080000000000,0.000000000000,0.000000000000,0.000000000000,0.000000000000,-0.000000000000,0.000000000000,0.000000000000,elbow_flex,cruise,descend_to_lift
25.094042766,0.262756491283,-0.345503570527,0.347986489771,1.403869811253,0.248531358689,0.000000000000,0.000000000000,-0.071083681219,0.000000000000,0.000000000000,0.000000000000,0.000000000000,0.200000000000,0.000000000000,0.000000000000,elbow_flex,decelerate,descend_to_lift
25.144042766,0.262756491283,-0.345503570527,0.344682305710,1.403869811253,0.248531358689,0.000000000000,0.000000000000,-0.061083681219,0.000000000000,0.000000000000,0.000000000000,0.000000000000,0.200000000000,0.000000000000,0.000000000000,elbow_flex,decelerate,descend_to_lift
25.194042766,0.262756491283,-0.345503570527,0.341878121649,1.403869811253,0.248531358689,0.000000000000,0.000000000000,-0.051083681219,0.000000000000,0.000000000000,0.000000000000,0.000000000000,0.200000000000,0.000000000000,0.000000000000,elbow_flex,decelerate,descend_to_lift
25.244042766,0.262756491283,-0.345503570527,0.339573937588,1.403869811253,0.248531358689,0.000000000000,0.000000000000,-0.041083681219,0.000000000000,0.000000000000,0.000000000000,0.000000000000,0.200000000000,0.000000000000,0.000000000000,elbow_flex,decelerate,descend_to_lift
25.294042766,0.262756491283,-0.345503570527,0.337769753527,1.403869811253,0.248531358689,0.000000000000,0.000000000000,-0.031083681219,0.000000000000,0.000000000000,0.000000000000,0.000000000000,0.200000000000,0.000000000000,0.000000000000,elbow_flex,decelerate,descend_to_lift
25.344042766,0.262756491283,-0.345503570527,0.336465569466,1.403869811253,0.248531358689,0.000000000000,0.000000000000,-0.021083681219,0.000000000000,0.000000000000,0.000000000000,0.000000000000,0.200000000000,0.000000000000,0.000000000000,elbow_flex,decelerate,descend_to_lift
25.394042766,0.262756491283,-0.345503570527,0.335661385405,1.403869811253,0.248531358689,0.000000000000,0.000000000000,-0.011083681219,0.000000000000,0.000000000000,0.000000000000,0.000000000000,0.200000000000,0.000000000000,0.000000000000,elbow_flex,decelerate,descend_to_lift
25.444042766,0.262756491283,-0.345503570527,0.335357201344,1.403869811253,0.248531358689,0.000000000000,0.000000000000,-0.001083681219,0.000000000000,0.000000000000,0.000000000000,0.000000000000,0.200000000000,0.000000000000,0.000000000000,elbow_flex,decelerate,descend_to_lift
25.449461172,0.262756491283,-0.345503570527,0.335354265432,1.403869811253,0.248531358689,0.000000000000,0.000000000000,0.000000000000,0.000000000000,0.000000000000,0.000000000000,0.000000000000,0.000000000000,0.000000000000,0.000000000000,,end,descend_to_lift
25.499461172,0.262756491283,-0.345503570527,0.335354265432,1.403869811253,0.248531358689,0.000000000000,0.000000000000,0.000000000000,0.000000000000,0.000000000000,0.000000000000,0.000000000000,0.000000000000,0.000000000000,0.000000000000,,settle,descend_to_lift
25.549461172,0.262756491283,-0.345503570527,0.335354265432,1.403869811253,0.248531358689,0.000000000000,0.000000000000,0.000000000000,0.000000000000,0.000000000000,0.000000000000,0.000000000000,0.000000000000,0.000000000000,0.000000000000,,settle,descend_to_lift
25.599461172,0.262756491283,-0.345503570527,0.335354265432,1.403869811253,0.248531358689,0.000000000000,0.000000000000,0.000000000000,0.000000000000,0.000000000000,0.000000000000,0.000000000000,0.000000000000,0.000000000000,0.000000000000,,settle,descend_to_lift
25.649461172,0.262756491283,-0.345503570527,0.335354265432,1.403869811253,0.248531358689,0.000000000000,0.000000000000,0.000000000000,0.000000000000,0.000000000000,0.000000000000,0.000000000000,0.000000000000,0.000000000000,0.000000000000,,settle,descend_to_lift
25.699461172,0.262756491283,-0.345503570527,0.335354265432,1.404119811253,0.248531358689,0.000000000000,0.000000000000,0.000000000000,0.010000000000,0.000000000000,0.000000000000,0.000000000000,0.000000000000,0.200000000000,0.000000000000,wrist_flex,accelerate,descend_to_lift
25.749461172,0.262756491283,-0.345503570527,0.335354265432,1.404869811253,0.248531358689,0.000000000000,0.000000000000,0.000000000000,0.020000000000,0.000000000000,0.000000000000,0.000000000000,0.000000000000,0.200000000000,0.000000000000,wrist_flex,accelerate,descend_to_lift
25.799461172,0.262756491283,-0.345503570527,0.335354265432,1.406119811253,0.248531358689,0.000000000000,0.000000000000,0.000000000000,0.030000000000,0.000000000000,0.000000000000,0.000000000000,0.000000000000,0.200000000000,0.000000000000,wrist_flex,accelerate,descend_to_lift
25.849461172,0.262756491283,-0.345503570527,0.335354265432,1.407869811253,0.248531358689,0.000000000000,0.000000000000,0.000000000000,0.040000000000,0.000000000000,0.000000000000,0.000000000000,0.000000000000,0.200000000000,0.000000000000,wrist_flex,accelerate,descend_to_lift
25.899461172,0.262756491283,-0.345503570527,0.335354265432,1.410119811253,0.248531358689,0.000000000000,0.000000000000,0.000000000000,0.050000000000,0.000000000000,0.000000000000,0.000000000000,0.000000000000,0.200000000000,0.000000000000,wrist_flex,accelerate,descend_to_lift
25.949461172,0.262756491283,-0.345503570527,0.335354265432,1.412869811253,0.248531358689,0.000000000000,0.000000000000,0.000000000000,0.060000000000,0.000000000000,0.000000000000,0.000000000000,0.000000000000,0.200000000000,0.000000000000,wrist_flex,accelerate,descend_to_lift
25.999461172,0.262756491283,-0.345503570527,0.335354265432,1.416119811253,0.248531358689,0.000000000000,0.000000000000,0.000000000000,0.070000000000,0.000000000000,0.000000000000,0.000000000000,0.000000000000,0.200000000000,0.000000000000,wrist_flex,accelerate,descend_to_lift
26.049461172,0.262756491283,-0.345503570527,0.335354265432,1.419869811253,0.248531358689,0.000000000000,0.000000000000,0.000000000000,0.080000000000,0.000000000000,0.000000000000,0.000000000000,0.000000000000,0.000000000000,0.000000000000,wrist_flex,cruise,descend_to_lift
26.099461172,0.262756491283,-0.345503570527,0.335354265432,1.423869811253,0.248531358689,0.000000000000,0.000000000000,0.000000000000,0.080000000000,0.000000000000,0.000000000000,0.000000000000,0.000000000000,0.000000000000,0.000000000000,wrist_flex,cruise,descend_to_lift
26.149461172,0.262756491283,-0.345503570527,0.335354265432,1.427869811253,0.248531358689,0.000000000000,0.000000000000,0.000000000000,0.080000000000,0.000000000000,0.000000000000,0.000000000000,0.000000000000,0.000000000000,0.000000000000,wrist_flex,cruise,descend_to_lift
26.199461172,0.262756491283,-0.345503570527,0.335354265432,1.431869811253,0.248531358689,0.000000000000,0.000000000000,0.000000000000,0.080000000000,0.000000000000,0.000000000000,0.000000000000,0.000000000000,0.000000000000,0.000000000000,wrist_flex,cruise,descend_to_lift
26.249461172,0.262756491283,-0.345503570527,0.335354265432,1.435869811253,0.248531358689,0.000000000000,0.000000000000,0.000000000000,0.080000000000,0.000000000000,0.000000000000,0.000000000000,0.000000000000,0.000000000000,0.000000000000,wrist_flex,cruise,descend_to_lift
26.299461172,0.262756491283,-0.345503570527,0.335354265432,1.439869811253,0.248531358689,0.000000000000,0.000000000000,0.000000000000,0.080000000000,0.000000000000,0.000000000000,0.000000000000,0.000000000000,0.000000000000,0.000000000000,wrist_flex,cruise,descend_to_lift
26.349461172,0.262756491283,-0.345503570527,0.335354265432,1.443869811253,0.248531358689,0.000000000000,0.000000000000,0.000000000000,0.080000000000,0.000000000000,0.000000000000,0.000000000000,0.000000000000,0.000000000000,0.000000000000,wrist_flex,cruise,descend_to_lift
26.399461172,0.262756491283,-0.345503570527,0.335354265432,1.447869811253,0.248531358689,0.000000000000,0.000000000000,0.000000000000,0.080000000000,0.000000000000,0.000000000000,0.000000000000,0.000000000000,0.000000000000,0.000000000000,wrist_flex,cruise,descend_to_lift
26.449461172,0.262756491283,-0.345503570527,0.335354265432,1.451869811253,0.248531358689,0.000000000000,0.000000000000,0.000000000000,0.080000000000,0.000000000000,0.000000000000,0.000000000000,0.000000000000,0.000000000000,0.000000000000,wrist_flex,cruise,descend_to_lift
26.499461172,0.262756491283,-0.345503570527,0.335354265432,1.455869811253,0.248531358689,0.000000000000,0.000000000000,0.000000000000,0.080000000000,0.000000000000,0.000000000000,0.000000000000,0.000000000000,0.000000000000,0.000000000000,wrist_flex,cruise,descend_to_lift
26.549461172,0.262756491283,-0.345503570527,0.335354265432,1.459869811253,0.248531358689,0.000000000000,0.000000000000,0.000000000000,0.080000000000,0.000000000000,0.000000000000,0.000000000000,0.000000000000,0.000000000000,0.000000000000,wrist_flex,cruise,descend_to_lift
26.599461172,0.262756491283,-0.345503570527,0.335354265432,1.463869811253,0.248531358689,0.000000000000,0.000000000000,0.000000000000,0.080000000000,0.000000000000,0.000000000000,0.000000000000,0.000000000000,0.000000000000,0.000000000000,wrist_flex,cruise,descend_to_lift
26.649461172,0.262756491283,-0.345503570527,0.335354265432,1.467869811253,0.248531358689,0.000000000000,0.000000000000,0.000000000000,0.080000000000,0.000000000000,0.000000000000,0.000000000000,0.000000000000,0.000000000000,0.000000000000,wrist_flex,cruise,descend_to_lift
26.699461172,0.262756491283,-0.345503570527,0.335354265432,1.471869811253,0.248531358689,0.000000000000,0.000000000000,0.000000000000,0.080000000000,0.000000000000,0.000000000000,0.000000000000,0.000000000000,0.000000000000,0.000000000000,wrist_flex,cruise,descend_to_lift
26.749461172,0.262756491283,-0.345503570527,0.335354265432,1.475869811253,0.248531358689,0.000000000000,0.000000000000,0.000000000000,0.080000000000,0.000000000000,0.000000000000,0.000000000000,0.000000000000,0.000000000000,0.000000000000,wrist_flex,cruise,descend_to_lift
26.799461172,0.262756491283,-0.345503570527,0.335354265432,1.479869811253,0.248531358689,0.000000000000,0.000000000000,0.000000000000,0.080000000000,0.000000000000,0.000000000000,0.000000000000,0.000000000000,0.000000000000,0.000000000000,wrist_flex,cruise,descend_to_lift
26.849461172,0.262756491283,-0.345503570527,0.335354265432,1.483869811253,0.248531358689,0.000000000000,0.000000000000,0.000000000000,0.080000000000,0.000000000000,0.000000000000,0.000000000000,0.000000000000,0.000000000000,0.000000000000,wrist_flex,cruise,descend_to_lift
26.899461172,0.262756491283,-0.345503570527,0.335354265432,1.487869811253,0.248531358689,0.000000000000,0.000000000000,0.000000000000,0.080000000000,0.000000000000,0.000000000000,0.000000000000,0.000000000000,0.000000000000,0.000000000000,wrist_flex,cruise,descend_to_lift
26.949461172,0.262756491283,-0.345503570527,0.335354265432,1.491869811253,0.248531358689,0.000000000000,0.000000000000,0.000000000000,0.080000000000,0.000000000000,0.000000000000,0.000000000000,0.000000000000,0.000000000000,0.000000000000,wrist_flex,cruise,descend_to_lift
26.999461172,0.262756491283,-0.345503570527,0.335354265432,1.495869811253,0.248531358689,0.000000000000,0.000000000000,0.000000000000,0.080000000000,0.000000000000,0.000000000000,0.000000000000,0.000000000000,0.000000000000,0.000000000000,wrist_flex,cruise,descend_to_lift
27.049461172,0.262756491283,-0.345503570527,0.335354265432,1.499869811253,0.248531358689,0.000000000000,0.000000000000,0.000000000000,0.080000000000,0.000000000000,0.000000000000,0.000000000000,0.000000000000,0.000000000000,0.000000000000,wrist_flex,cruise,descend_to_lift
27.099461172,0.262756491283,-0.345503570527,0.335354265432,1.503869811253,0.248531358689,0.000000000000,0.000000000000,0.000000000000,0.080000000000,0.000000000000,0.000000000000,0.000000000000,0.000000000000,0.000000000000,0.000000000000,wrist_flex,cruise,descend_to_lift
27.149461172,0.262756491283,-0.345503570527,0.335354265432,1.507869811253,0.248531358689,0.000000000000,0.000000000000,0.000000000000,0.080000000000,0.000000000000,0.000000000000,0.000000000000,0.000000000000,0.000000000000,0.000000000000,wrist_flex,cruise,descend_to_lift
27.199461172,0.262756491283,-0.345503570527,0.335354265432,1.511869811253,0.248531358689,0.000000000000,0.000000000000,0.000000000000,0.080000000000,0.000000000000,0.000000000000,0.000000000000,0.000000000000,0.000000000000,0.000000000000,wrist_flex,cruise,descend_to_lift
27.249461172,0.262756491283,-0.345503570527,0.335354265432,1.515869811253,0.248531358689,0.000000000000,0.000000000000,0.000000000000,0.080000000000,0.000000000000,0.000000000000,0.000000000000,0.000000000000,0.000000000000,0.000000000000,wrist_flex,cruise,descend_to_lift
27.299461172,0.262756491283,-0.345503570527,0.335354265432,1.519869811253,0.248531358689,0.000000000000,0.000000000000,0.000000000000,0.080000000000,0.000000000000,0.000000000000,0.000000000000,0.000000000000,0.000000000000,0.000000000000,wrist_flex,cruise,descend_to_lift
27.349461172,0.262756491283,-0.345503570527,0.335354265432,1.523869811253,0.248531358689,0.000000000000,0.000000000000,0.000000000000,0.080000000000,0.000000000000,0.000000000000,0.000000000000,0.000000000000,0.000000000000,0.000000000000,wrist_flex,cruise,descend_to_lift
27.399461172,0.262756491283,-0.345503570527,0.335354265432,1.527869811253,0.248531358689,0.000000000000,0.000000000000,0.000000000000,0.080000000000,0.000000000000,0.000000000000,0.000000000000,0.000000000000,0.000000000000,0.000000000000,wrist_flex,cruise,descend_to_lift
27.449461172,0.262756491283,-0.345503570527,0.335354265432,1.531869811253,0.248531358689,0.000000000000,0.000000000000,0.000000000000,0.080000000000,0.000000000000,0.000000000000,0.000000000000,0.000000000000,0.000000000000,0.000000000000,wrist_flex,cruise,descend_to_lift
27.499461172,0.262756491283,-0.345503570527,0.335354265432,1.535869811253,0.248531358689,0.000000000000,0.000000000000,0.000000000000,0.080000000000,0.000000000000,0.000000000000,0.000000000000,0.000000000000,0.000000000000,0.000000000000,wrist_flex,cruise,descend_to_lift
27.549461172,0.262756491283,-0.345503570527,0.335354265432,1.539869811253,0.248531358689,0.000000000000,0.000000000000,0.000000000000,0.080000000000,0.000000000000,0.000000000000,0.000000000000,0.000000000000,0.000000000000,0.000000000000,wrist_flex,cruise,descend_to_lift
27.599461172,0.262756491283,-0.345503570527,0.335354265432,1.543869811253,0.248531358689,0.000000000000,0.000000000000,0.000000000000,0.080000000000,0.000000000000,0.000000000000,0.000000000000,0.000000000000,0.000000000000,0.000000000000,wrist_flex,cruise,descend_to_lift
27.649461172,0.262756491283,-0.345503570527,0.335354265432,1.547869811253,0.248531358689,0.000000000000,0.000000000000,0.000000000000,0.080000000000,0.000000000000,0.000000000000,0.000000000000,0.000000000000,0.000000000000,0.000000000000,wrist_flex,cruise,descend_to_lift
27.699461172,0.262756491283,-0.345503570527,0.335354265432,1.551869811253,0.248531358689,0.000000000000,0.000000000000,0.000000000000,0.080000000000,0.000000000000,0.000000000000,0.000000000000,0.000000000000,0.000000000000,0.000000000000,wrist_flex,cruise,descend_to_lift
27.749461172,0.262756491283,-0.345503570527,0.335354265432,1.555869811253,0.248531358689,0.000000000000,0.000000000000,0.000000000000,0.080000000000,0.000000000000,0.000000000000,0.000000000000,0.000000000000,0.000000000000,0.000000000000,wrist_flex,cruise,descend_to_lift
27.799461172,0.262756491283,-0.345503570527,0.335354265432,1.559869811253,0.248531358689,0.000000000000,0.000000000000,0.000000000000,0.080000000000,0.000000000000,0.000000000000,0.000000000000,0.000000000000,0.000000000000,0.000000000000,wrist_flex,cruise,descend_to_lift
27.849461172,0.262756491283,-0.345503570527,0.335354265432,1.563855569241,0.248531358689,0.000000000000,0.000000000000,0.000000000000,0.077613201932,0.000000000000,0.000000000000,0.000000000000,0.000000000000,-0.200000000000,0.000000000000,wrist_flex,decelerate,descend_to_lift
27.899461172,0.262756491283,-0.345503570527,0.335354265432,1.567486229337,0.248531358689,0.000000000000,0.000000000000,0.000000000000,0.067613201932,0.000000000000,0.000000000000,0.000000000000,0.000000000000,-0.200000000000,0.000000000000,wrist_flex,decelerate,descend_to_lift
27.949461172,0.262756491283,-0.345503570527,0.335354265432,1.570616889434,0.248531358689,0.000000000000,0.000000000000,0.000000000000,0.057613201932,0.000000000000,0.000000000000,0.000000000000,0.000000000000,-0.200000000000,0.000000000000,wrist_flex,decelerate,descend_to_lift
27.999461172,0.262756491283,-0.345503570527,0.335354265432,1.573247549531,0.248531358689,0.000000000000,0.000000000000,0.000000000000,0.047613201932,0.000000000000,0.000000000000,0.000000000000,0.000000000000,-0.200000000000,0.000000000000,wrist_flex,decelerate,descend_to_lift
28.049461172,0.262756491283,-0.345503570527,0.335354265432,1.575378209627,0.248531358689,0.000000000000,0.000000000000,0.000000000000,0.037613201932,0.000000000000,0.000000000000,0.000000000000,0.000000000000,-0.200000000000,0.000000000000,wrist_flex,decelerate,descend_to_lift
28.099461172,0.262756491283,-0.345503570527,0.335354265432,1.577008869724,0.248531358689,0.000000000000,0.000000000000,0.000000000000,0.027613201932,0.000000000000,0.000000000000,0.000000000000,0.000000000000,-0.200000000000,0.000000000000,wrist_flex,decelerate,descend_to_lift
28.149461172,0.262756491283,-0.345503570527,0.335354265432,1.578139529820,0.248531358689,0.000000000000,0.000000000000,0.000000000000,0.017613201932,0.000000000000,0.000000000000,0.000000000000,0.000000000000,-0.200000000000,0.000000000000,wrist_flex,decelerate,descend_to_lift
28.199461172,0.262756491283,-0.345503570527,0.335354265432,1.578770189917,0.248531358689,0.000000000000,0.000000000000,0.000000000000,0.007613201932,0.000000000000,0.000000000000,0.000000000000,0.000000000000,-0.200000000000,0.000000000000,wrist_flex,decelerate,descend_to_lift
28.237527182,0.262756491283,-0.345503570527,0.335354265432,1.578915092026,0.248531358689,0.000000000000,0.000000000000,0.000000000000,0.000000000000,0.000000000000,0.000000000000,0.000000000000,0.000000000000,0.000000000000,0.000000000000,,end,descend_to_lift
28.287527182,0.262756491283,-0.345503570527,0.335354265432,1.578915092026,0.248531358689,0.000000000000,0.000000000000,0.000000000000,0.000000000000,0.000000000000,0.000000000000,0.000000000000,0.000000000000,0.000000000000,0.000000000000,,settle,descend_to_lift
28.337527182,0.262756491283,-0.345503570527,0.335354265432,1.578915092026,0.248531358689,0.000000000000,0.000000000000,0.000000000000,0.000000000000,0.000000000000,0.000000000000,0.000000000000,0.000000000000,0.000000000000,0.000000000000,,settle,descend_to_lift
28.387527182,0.262756491283,-0.345503570527,0.335354265432,1.578915092026,0.248531358689,0.000000000000,0.000000000000,0.000000000000,0.000000000000,0.000000000000,0.000000000000,0.000000000000,0.000000000000,0.000000000000,0.000000000000,,settle,descend_to_lift
28.437527182,0.262756491283,-0.345503570527,0.335354265432,1.578915092026,0.248531358689,0.000000000000,0.000000000000,0.000000000000,0.000000000000,0.000000000000,0.000000000000,0.000000000000,0.000000000000,0.000000000000,0.000000000000,,settle,descend_to_lift
28.487527182,0.262756491283,-0.345503570527,0.335354265432,1.578915092026,0.248615146803,0.000000000000,0.000000000000,0.000000000000,0.000000000000,0.000000000000,0.000000000000,0.000000000000,0.000000000000,0.000000000000,0.000000000000,,static,descend_to_lift
28.537527182,0.262756491283,-0.345503570527,0.335354265432,1.578915092026,0.248615146803,0.000000000000,0.000000000000,0.000000000000,0.000000000000,0.000000000000,0.000000000000,0.000000000000,0.000000000000,0.000000000000,0.000000000000,,stage_settle,descend_to_lift_to_next
28.587527182,0.262756491283,-0.345503570527,0.335354265432,1.578915092026,0.248615146803,0.000000000000,0.000000000000,0.000000000000,0.000000000000,0.000000000000,0.000000000000,0.000000000000,0.000000000000,0.000000000000,0.000000000000,,stage_settle,descend_to_lift_to_next
28.637527182,0.262756491283,-0.345503570527,0.335354265432,1.578915092026,0.248615146803,0.000000000000,0.000000000000,0.000000000000,0.000000000000,0.000000000000,0.000000000000,0.000000000000,0.000000000000,0.000000000000,0.000000000000,,stage_settle,descend_to_lift_to_next
28.687527182,0.262756491283,-0.345503570527,0.335354265432,1.578915092026,0.248615146803,0.000000000000,0.000000000000,0.000000000000,0.000000000000,0.000000000000,0.000000000000,0.000000000000,0.000000000000,0.000000000000,0.000000000000,,stage_settle,descend_to_lift_to_next
28.737527182,0.262756491283,-0.345503570527,0.335354265432,1.578915092026,0.248615146803,0.000000000000,0.000000000000,0.000000000000,0.000000000000,0.000000000000,0.000000000000,0.000000000000,0.000000000000,0.000000000000,0.000000000000,,stage_settle,descend_to_lift_to_next
28.787527182,0.262756491283,-0.345503570527,0.335354265432,1.578915092026,0.248615146803,0.000000000000,0.000000000000,0.000000000000,0.000000000000,0.000000000000,0.000000000000,0.000000000000,0.000000000000,0.000000000000,0.000000000000,,stage_settle,descend_to_lift_to_next
28.837527182,0.262756491283,-0.345503570527,0.335354265432,1.578915092026,0.248615146803,0.000000000000,0.000000000000,0.000000000000,0.000000000000,0.000000000000,0.000000000000,0.000000000000,0.000000000000,0.000000000000,0.000000000000,,stage_settle,descend_to_lift_to_next
28.887527182,0.262756491283,-0.345503570527,0.335354265432,1.578915092026,0.248615146803,0.000000000000,0.000000000000,0.000000000000,0.000000000000,0.000000000000,0.000000000000,0.000000000000,0.000000000000,0.000000000000,0.000000000000,,stage_settle,descend_to_lift_to_next
28.937527182,0.262756491283,-0.345503570527,0.335354265432,1.578915092026,0.248615146803,0.000000000000,0.000000000000,0.000000000000,0.000000000000,0.000000000000,0.000000000000,0.000000000000,0.000000000000,0.000000000000,0.000000000000,,stage_settle,descend_to_lift_to_next
28.987527182,0.262756491283,-0.345503570527,0.335354265432,1.578915092026,0.248615146803,0.000000000000,0.000000000000,0.000000000000,0.000000000000,0.000000000000,0.000000000000,0.000000000000,0.000000000000,0.000000000000,0.000000000000,,stage_settle,descend_to_lift_to_next
29.037527182,0.263006491283,-0.345503570527,0.335354265432,1.578915092026,0.248615146803,0.010000000000,0.000000000000,0.000000000000,0.000000000000,0.000000000000,0.200000000000,0.000000000000,0.000000000000,0.000000000000,0.000000000000,shoulder_pan,accelerate,lift_to_place
29.087527182,0.263756491283,-0.345503570527,0.335354265432,1.578915092026,0.248615146803,0.020000000000,0.000000000000,0.000000000000,0.000000000000,0.000000000000,0.200000000000,0.000000000000,0.000000000000,0.000000000000,0.000000000000,shoulder_pan,accelerate,lift_to_place
29.137527182,0.265006491283,-0.345503570527,0.335354265432,1.578915092026,0.248615146803,0.030000000000,0.000000000000,0.000000000000,0.000000000000,0.000000000000,0.200000000000,0.000000000000,0.000000000000,0.000000000000,0.000000000000,shoulder_pan,accelerate,lift_to_place
29.187527182,0.266756491283,-0.345503570527,0.335354265432,1.578915092026,0.248615146803,0.040000000000,0.000000000000,0.000000000000,0.000000000000,0.000000000000,0.200000000000,0.000000000000,0.000000000000,0.000000000000,0.000000000000,shoulder_pan,accelerate,lift_to_place
29.237527182,0.269006491283,-0.345503570527,0.335354265432,1.578915092026,0.248615146803,0.050000000000,0.000000000000,0.000000000000,0.000000000000,0.000000000000,0.200000000000,0.000000000000,0.000000000000,0.000000000000,0.000000000000,shoulder_pan,accelerate,lift_to_place
29.287527182,0.271756491283,-0.345503570527,0.335354265432,1.578915092026,0.248615146803,0.060000000000,0.000000000000,0.000000000000,0.000000000000,0.000000000000,0.200000000000,0.000000000000,0.000000000000,0.000000000000,0.000000000000,shoulder_pan,accelerate,lift_to_place
29.337527182,0.275006491283,-0.345503570527,0.335354265432,1.578915092026,0.248615146803,0.070000000000,0.000000000000,0.000000000000,0.000000000000,0.000000000000,0.200000000000,0.000000000000,0.000000000000,0.000000000000,0.000000000000,shoulder_pan,accelerate,lift_to_place
29.387527182,0.278756491283,-0.345503570527,0.335354265432,1.578915092026,0.248615146803,0.080000000000,0.000000000000,0.000000000000,0.000000000000,0.000000000000,0.000000000000,0.000000000000,0.000000000000,0.000000000000,0.000000000000,shoulder_pan,cruise,lift_to_place
29.437527182,0.282756491283,-0.345503570527,0.335354265432,1.578915092026,0.248615146803,0.080000000000,0.000000000000,0.000000000000,0.000000000000,0.000000000000,0.000000000000,0.000000000000,0.000000000000,0.000000000000,0.000000000000,shoulder_pan,cruise,lift_to_place
29.487527182,0.286756491283,-0.345503570527,0.335354265432,1.578915092026,0.248615146803,0.080000000000,0.000000000000,0.000000000000,0.000000000000,0.000000000000,0.000000000000,0.000000000000,0.000000000000,0.000000000000,0.000000000000,shoulder_pan,cruise,lift_to_place
29.537527182,0.290756491283,-0.345503570527,0.335354265432,1.578915092026,0.248615146803,0.080000000000,0.000000000000,0.000000000000,0.000000000000,0.000000000000,0.000000000000,0.000000000000,0.000000000000,0.000000000000,0.000000000000,shoulder_pan,cruise,lift_to_place
29.587527182,0.294756491283,-0.345503570527,0.335354265432,1.578915092026,0.248615146803,0.080000000000,0.000000000000,0.000000000000,0.000000000000,0.000000000000,0.000000000000,0.000000000000,0.000000000000,0.000000000000,0.000000000000,shoulder_pan,cruise,lift_to_place
29.637527182,0.298756491283,-0.345503570527,0.335354265432,1.578915092026,0.248615146803,0.080000000000,0.000000000000,0.000000000000,0.000000000000,0.000000000000,0.000000000000,0.000000000000,0.000000000000,0.000000000000,0.000000000000,shoulder_pan,cruise,lift_to_place
29.687527182,0.302756491283,-0.345503570527,0.335354265432,1.578915092026,0.248615146803,0.080000000000,0.000000000000,0.000000000000,0.000000000000,0.000000000000,0.000000000000,0.000000000000,0.000000000000,0.000000000000,0.000000000000,shoulder_pan,cruise,lift_to_place
29.737527182,0.306756491283,-0.345503570527,0.335354265432,1.578915092026,0.248615146803,0.080000000000,0.000000000000,0.000000000000,0.000000000000,0.000000000000,0.000000000000,0.000000000000,0.000000000000,0.000000000000,0.000000000000,shoulder_pan,cruise,lift_to_place
29.787527182,0.310756491283,-0.345503570527,0.335354265432,1.578915092026,0.248615146803,0.080000000000,0.000000000000,0.000000000000,0.000000000000,0.000000000000,0.000000000000,0.000000000000,0.000000000000,0.000000000000,0.000000000000,shoulder_pan,cruise,lift_to_place
29.837527182,0.314756491283,-0.345503570527,0.335354265432,1.578915092026,0.248615146803,0.080000000000,0.000000000000,0.000000000000,0.000000000000,0.000000000000,0.000000000000,0.000000000000,0.000000000000,0.000000000000,0.000000000000,shoulder_pan,cruise,lift_to_place
29.887527182,0.318756491283,-0.345503570527,0.335354265432,1.578915092026,0.248615146803,0.080000000000,0.000000000000,0.000000000000,0.000000000000,0.000000000000,0.000000000000,0.000000000000,0.000000000000,0.000000000000,0.000000000000,shoulder_pan,cruise,lift_to_place
29.937527182,0.322756491283,-0.345503570527,0.335354265432,1.578915092026,0.248615146803,0.080000000000,0.000000000000,0.000000000000,0.000000000000,0.000000000000,0.000000000000,0.000000000000,0.000000000000,0.000000000000,0.000000000000,shoulder_pan,cruise,lift_to_place
29.987527182,0.326756491283,-0.345503570527,0.335354265432,1.578915092026,0.248615146803,0.080000000000,0.000000000000,0.000000000000,0.000000000000,0.000000000000,0.000000000000,0.000000000000,0.000000000000,0.000000000000,0.000000000000,shoulder_pan,cruise,lift_to_place
30.037527182,0.330756491283,-0.345503570527,0.335354265432,1.578915092026,0.248615146803,0.080000000000,0.000000000000,0.000000000000,0.000000000000,0.000000000000,0.000000000000,0.000000000000,0.000000000000,0.000000000000,0.000000000000,shoulder_pan,cruise,lift_to_place
30.087527182,0.334756491283,-0.345503570527,0.335354265432,1.578915092026,0.248615146803,0.080000000000,0.000000000000,0.000000000000,0.000000000000,0.000000000000,0.000000000000,0.000000000000,0.000000000000,0.000000000000,0.000000000000,shoulder_pan,cruise,lift_to_place
30.137527182,0.338756491283,-0.345503570527,0.335354265432,1.578915092026,0.248615146803,0.080000000000,0.000000000000,0.000000000000,0.000000000000,0.000000000000,0.000000000000,0.000000000000,0.000000000000,0.000000000000,0.000000000000,shoulder_pan,cruise,lift_to_place
30.187527182,0.342756491283,-0.345503570527,0.335354265432,1.578915092026,0.248615146803,0.080000000000,0.000000000000,0.000000000000,0.000000000000,0.000000000000,0.000000000000,0.000000000000,0.000000000000,0.000000000000,0.000000000000,shoulder_pan,cruise,lift_to_place
30.237527182,0.346756491283,-0.345503570527,0.335354265432,1.578915092026,0.248615146803,0.080000000000,0.000000000000,0.000000000000,0.000000000000,0.000000000000,0.000000000000,0.000000000000,0.000000000000,0.000000000000,0.000000000000,shoulder_pan,cruise,lift_to_place
30.287527182,0.350756491283,-0.345503570527,0.335354265432,1.578915092026,0.248615146803,0.080000000000,0.000000000000,0.000000000000,0.000000000000,0.000000000000,0.000000000000,0.000000000000,0.000000000000,0.000000000000,0.000000000000,shoulder_pan,cruise,lift_to_place
30.337527182,0.354756491283,-0.345503570527,0.335354265432,1.578915092026,0.248615146803,0.080000000000,0.000000000000,0.000000000000,0.000000000000,0.000000000000,0.000000000000,0.000000000000,0.000000000000,0.000000000000,0.000000000000,shoulder_pan,cruise,lift_to_place
30.387527182,0.358756491283,-0.345503570527,0.335354265432,1.578915092026,0.248615146803,0.080000000000,0.000000000000,0.000000000000,0.000000000000,0.000000000000,0.000000000000,0.000000000000,0.000000000000,0.000000000000,0.000000000000,shoulder_pan,cruise,lift_to_place
30.437527182,0.362756491283,-0.345503570527,0.335354265432,1.578915092026,0.248615146803,0.080000000000,0.000000000000,0.000000000000,0.000000000000,0.000000000000,0.000000000000,0.000000000000,0.000000000000,0.000000000000,0.000000000000,shoulder_pan,cruise,lift_to_place
30.487527182,0.366756491283,-0.345503570527,0.335354265432,1.578915092026,0.248615146803,0.080000000000,0.000000000000,0.000000000000,0.000000000000,0.000000000000,0.000000000000,0.000000000000,0.000000000000,0.000000000000,0.000000000000,shoulder_pan,cruise,lift_to_place
30.537527182,0.370756491283,-0.345503570527,0.335354265432,1.578915092026,0.248615146803,0.080000000000,0.000000000000,0.000000000000,0.000000000000,0.000000000000,0.000000000000,0.000000000000,0.000000000000,0.000000000000,0.000000000000,shoulder_pan,cruise,lift_to_place
30.587527182,0.374756491283,-0.345503570527,0.335354265432,1.578915092026,0.248615146803,0.080000000000,0.000000000000,0.000000000000,0.000000000000,0.000000000000,0.000000000000,0.000000000000,0.000000000000,0.000000000000,0.000000000000,shoulder_pan,cruise,lift_to_place
30.637527182,0.378756491283,-0.345503570527,0.335354265432,1.578915092026,0.248615146803,0.080000000000,0.000000000000,0.000000000000,0.000000000000,0.000000000000,0.000000000000,0.000000000000,0.000000000000,0.000000000000,0.000000000000,shoulder_pan,cruise,lift_to_place
30.687527182,0.382756491283,-0.345503570527,0.335354265432,1.578915092026,0.248615146803,0.080000000000,0.000000000000,0.000000000000,0.000000000000,0.000000000000,0.000000000000,0.000000000000,0.000000000000,0.000000000000,0.000000000000,shoulder_pan,cruise,lift_to_place
30.737527182,0.386756491283,-0.345503570527,0.335354265432,1.578915092026,0.248615146803,0.080000000000,0.000000000000,0.000000000000,0.000000000000,0.000000000000,0.000000000000,0.000000000000,0.000000000000,0.000000000000,0.000000000000,shoulder_pan,cruise,lift_to_place
30.787527182,0.390756491283,-0.345503570527,0.335354265432,1.578915092026,0.248615146803,0.080000000000,0.000000000000,0.000000000000,0.000000000000,0.000000000000,0.000000000000,0.000000000000,0.000000000000,0.000000000000,0.000000000000,shoulder_pan,cruise,lift_to_place
30.837527182,0.394756491283,-0.345503570527,0.335354265432,1.578915092026,0.248615146803,0.080000000000,0.000000000000,0.000000000000,0.000000000000,0.000000000000,0.000000000000,0.000000000000,0.000000000000,0.000000000000,0.000000000000,shoulder_pan,cruise,lift_to_place
30.887527182,0.398756491283,-0.345503570527,0.335354265432,1.578915092026,0.248615146803,0.080000000000,0.000000000000,0.000000000000,0.000000000000,0.000000000000,0.000000000000,0.000000000000,0.000000000000,0.000000000000,0.000000000000,shoulder_pan,cruise,lift_to_place
30.937527182,0.402756491283,-0.345503570527,0.335354265432,1.578915092026,0.248615146803,0.080000000000,0.000000000000,0.000000000000,0.000000000000,0.000000000000,0.000000000000,0.000000000000,0.000000000000,0.000000000000,0.000000000000,shoulder_pan,cruise,lift_to_place
30.987527182,0.406756491283,-0.345503570527,0.335354265432,1.578915092026,0.248615146803,0.080000000000,0.000000000000,0.000000000000,0.000000000000,0.000000000000,0.000000000000,0.000000000000,0.000000000000,0.000000000000,0.000000000000,shoulder_pan,cruise,lift_to_place
31.037527182,0.410756491283,-0.345503570527,0.335354265432,1.578915092026,0.248615146803,0.080000000000,0.000000000000,0.000000000000,0.000000000000,0.000000000000,0.000000000000,0.000000000000,0.000000000000,0.000000000000,0.000000000000,shoulder_pan,cruise,lift_to_place
31.087527182,0.414756491283,-0.345503570527,0.335354265432,1.578915092026,0.248615146803,0.080000000000,0.000000000000,0.000000000000,0.000000000000,0.000000000000,0.000000000000,0.000000000000,0.000000000000,0.000000000000,0.000000000000,shoulder_pan,cruise,lift_to_place
31.137527182,0.418756491283,-0.345503570527,0.335354265432,1.578915092026,0.248615146803,0.080000000000,0.000000000000,0.000000000000,0.000000000000,0.000000000000,0.000000000000,0.000000000000,0.000000000000,0.000000000000,0.000000000000,shoulder_pan,cruise,lift_to_place
31.187527182,0.422756491283,-0.345503570527,0.335354265432,1.578915092026,0.248615146803,0.080000000000,0.000000000000,0.000000000000,0.000000000000,0.000000000000,0.000000000000,0.000000000000,0.000000000000,0.000000000000,0.000000000000,shoulder_pan,cruise,lift_to_place
31.237527182,0.426754589118,-0.345503570527,0.335354265432,1.578915092026,0.248615146803,0.079127723725,0.000000000000,0.000000000000,0.000000000000,0.000000000000,-0.200000000000,0.000000000000,0.000000000000,0.000000000000,0.000000000000,shoulder_pan,decelerate,lift_to_place
31.287527182,0.430460975304,-0.345503570527,0.335354265432,1.578915092026,0.248615146803,0.069127723725,0.000000000000,0.000000000000,0.000000000000,0.000000000000,-0.200000000000,0.000000000000,0.000000000000,0.000000000000,0.000000000000,shoulder_pan,decelerate,lift_to_place
31.337527182,0.433667361491,-0.345503570527,0.335354265432,1.578915092026,0.248615146803,0.059127723725,0.000000000000,0.000000000000,0.000000000000,0.000000000000,-0.200000000000,0.000000000000,0.000000000000,0.000000000000,0.000000000000,shoulder_pan,decelerate,lift_to_place
31.387527182,0.436373747677,-0.345503570527,0.335354265432,1.578915092026,0.248615146803,0.049127723725,0.000000000000,0.000000000000,0.000000000000,0.000000000000,-0.200000000000,0.000000000000,0.000000000000,0.000000000000,0.000000000000,shoulder_pan,decelerate,lift_to_place
31.437527182,0.438580133863,-0.345503570527,0.335354265432,1.578915092026,0.248615146803,0.039127723725,0.000000000000,0.000000000000,0.000000000000,0.000000000000,-0.200000000000,0.000000000000,0.000000000000,0.000000000000,0.000000000000,shoulder_pan,decelerate,lift_to_place
31.487527182,0.440286520049,-0.345503570527,0.335354265432,1.578915092026,0.248615146803,0.029127723725,0.000000000000,0.000000000000,0.000000000000,0.000000000000,-0.200000000000,0.000000000000,0.000000000000,0.000000000000,0.000000000000,shoulder_pan,decelerate,lift_to_place
31.537527182,0.441492906236,-0.345503570527,0.335354265432,1.578915092026,0.248615146803,0.019127723725,0.000000000000,0.000000000000,0.000000000000,0.000000000000,-0.200000000000,0.000000000000,0.000000000000,0.000000000000,0.000000000000,shoulder_pan,decelerate,lift_to_place
31.587527182,0.442199292422,-0.345503570527,0.335354265432,1.578915092026,0.248615146803,0.009127723725,0.000000000000,0.000000000000,0.000000000000,0.000000000000,-0.200000000000,0.000000000000,0.000000000000,0.000000000000,0.000000000000,shoulder_pan,decelerate,lift_to_place
31.633165800,0.442407580773,-0.345503570527,0.335354265432,1.578915092026,0.248615146803,0.000000000000,0.000000000000,0.000000000000,0.000000000000,0.000000000000,0.000000000000,0.000000000000,0.000000000000,0.000000000000,0.000000000000,,end,lift_to_place
31.683165800,0.442407580773,-0.345503570527,0.335354265432,1.578915092026,0.248615146803,0.000000000000,0.000000000000,0.000000000000,0.000000000000,0.000000000000,0.000000000000,0.000000000000,0.000000000000,0.000000000000,0.000000000000,,settle,lift_to_place
31.733165800,0.442407580773,-0.345503570527,0.335354265432,1.578915092026,0.248615146803,0.000000000000,0.000000000000,0.000000000000,0.000000000000,0.000000000000,0.000000000000,0.000000000000,0.000000000000,0.000000000000,0.000000000000,,settle,lift_to_place
31.783165800,0.442407580773,-0.345503570527,0.335354265432,1.578915092026,0.248615146803,0.000000000000,0.000000000000,0.000000000000,0.000000000000,0.000000000000,0.000000000000,0.000000000000,0.000000000000,0.000000000000,0.000000000000,,settle,lift_to_place
31.833165800,0.442407580773,-0.345503570527,0.335354265432,1.578915092026,0.248615146803,0.000000000000,0.000000000000,0.000000000000,0.000000000000,0.000000000000,0.000000000000,0.000000000000,0.000000000000,0.000000000000,0.000000000000,,settle,lift_to_place
31.883165800,0.442407580773,-0.345253570527,0.335354265432,1.578915092026,0.248615146803,0.000000000000,0.010000000000,0.000000000000,0.000000000000,0.000000000000,0.000000000000,0.200000000000,0.000000000000,0.000000000000,0.000000000000,shoulder_lift,accelerate,lift_to_place
31.933165800,0.442407580773,-0.344503570527,0.335354265432,1.578915092026,0.248615146803,0.000000000000,0.020000000000,0.000000000000,0.000000000000,0.000000000000,0.000000000000,0.200000000000,0.000000000000,0.000000000000,0.000000000000,shoulder_lift,accelerate,lift_to_place
31.983165800,0.442407580773,-0.343253570527,0.335354265432,1.578915092026,0.248615146803,0.000000000000,0.030000000000,0.000000000000,0.000000000000,0.000000000000,0.000000000000,0.200000000000,0.000000000000,0.000000000000,0.000000000000,shoulder_lift,accelerate,lift_to_place
32.033165800,0.442407580773,-0.341503570527,0.335354265432,1.578915092026,0.248615146803,0.000000000000,0.040000000000,0.000000000000,0.000000000000,0.000000000000,0.000000000000,0.200000000000,0.000000000000,0.000000000000,0.000000000000,shoulder_lift,accelerate,lift_to_place
32.083165800,0.442407580773,-0.339253570527,0.335354265432,1.578915092026,0.248615146803,0.000000000000,0.050000000000,0.000000000000,0.000000000000,0.000000000000,0.000000000000,0.200000000000,0.000000000000,0.000000000000,0.000000000000,shoulder_lift,accelerate,lift_to_place
32.133165800,0.442407580773,-0.336503570527,0.335354265432,1.578915092026,0.248615146803,0.000000000000,0.060000000000,0.000000000000,0.000000000000,0.000000000000,0.000000000000,0.200000000000,0.000000000000,0.000000000000,0.000000000000,shoulder_lift,accelerate,lift_to_place
32.183165800,0.442407580773,-0.333253570527,0.335354265432,1.578915092026,0.248615146803,0.000000000000,0.070000000000,0.000000000000,0.000000000000,0.000000000000,0.000000000000,0.200000000000,0.000000000000,0.000000000000,0.000000000000,shoulder_lift,accelerate,lift_to_place
32.233165800,0.442407580773,-0.329503570527,0.335354265432,1.578915092026,0.248615146803,0.000000000000,0.080000000000,0.000000000000,0.000000000000,0.000000000000,0.000000000000,0.000000000000,0.000000000000,0.000000000000,0.000000000000,shoulder_lift,cruise,lift_to_place
32.283165800,0.442407580773,-0.325503570527,0.335354265432,1.578915092026,0.248615146803,0.000000000000,0.080000000000,0.000000000000,0.000000000000,0.000000000000,0.000000000000,0.000000000000,0.000000000000,0.000000000000,0.000000000000,shoulder_lift,cruise,lift_to_place
32.333165800,0.442407580773,-0.321503570527,0.335354265432,1.578915092026,0.248615146803,0.000000000000,0.080000000000,0.000000000000,0.000000000000,0.000000000000,0.000000000000,0.000000000000,0.000000000000,0.000000000000,0.000000000000,shoulder_lift,cruise,lift_to_place
32.383165800,0.442407580773,-0.317503570527,0.335354265432,1.578915092026,0.248615146803,0.000000000000,0.080000000000,0.000000000000,0.000000000000,0.000000000000,0.000000000000,0.000000000000,0.000000000000,0.000000000000,0.000000000000,shoulder_lift,cruise,lift_to_place
32.433165800,0.442407580773,-0.313503570527,0.335354265432,1.578915092026,0.248615146803,0.000000000000,0.080000000000,0.000000000000,0.000000000000,0.000000000000,0.000000000000,0.000000000000,0.000000000000,0.000000000000,0.000000000000,shoulder_lift,cruise,lift_to_place
32.483165800,0.442407580773,-0.309503570527,0.335354265432,1.578915092026,0.248615146803,0.000000000000,0.080000000000,0.000000000000,0.000000000000,0.000000000000,0.000000000000,0.000000000000,0.000000000000,0.000000000000,0.000000000000,shoulder_lift,cruise,lift_to_place
32.533165800,0.442407580773,-0.305503570527,0.335354265432,1.578915092026,0.248615146803,0.000000000000,0.080000000000,0.000000000000,0.000000000000,0.000000000000,0.000000000000,0.000000000000,0.000000000000,0.000000000000,0.000000000000,shoulder_lift,cruise,lift_to_place
32.583165800,0.442407580773,-0.301503570527,0.335354265432,1.578915092026,0.248615146803,0.000000000000,0.080000000000,0.000000000000,0.000000000000,0.000000000000,0.000000000000,0.000000000000,0.000000000000,0.000000000000,0.000000000000,shoulder_lift,cruise,lift_to_place
32.633165800,0.442407580773,-0.297503570527,0.335354265432,1.578915092026,0.248615146803,0.000000000000,0.080000000000,0.000000000000,0.000000000000,0.000000000000,0.000000000000,0.000000000000,0.000000000000,0.000000000000,0.000000000000,shoulder_lift,cruise,lift_to_place
32.683165800,0.442407580773,-0.293503570527,0.335354265432,1.578915092026,0.248615146803,0.000000000000,0.080000000000,0.000000000000,0.000000000000,0.000000000000,0.000000000000,0.000000000000,0.000000000000,0.000000000000,0.000000000000,shoulder_lift,cruise,lift_to_place
32.733165800,0.442407580773,-0.289503570527,0.335354265432,1.578915092026,0.248615146803,0.000000000000,0.080000000000,0.000000000000,0.000000000000,0.000000000000,0.000000000000,0.000000000000,0.000000000000,0.000000000000,0.000000000000,shoulder_lift,cruise,lift_to_place
32.783165800,0.442407580773,-0.285503570527,0.335354265432,1.578915092026,0.248615146803,0.000000000000,0.080000000000,0.000000000000,0.000000000000,0.000000000000,0.000000000000,0.000000000000,0.000000000000,0.000000000000,0.000000000000,shoulder_lift,cruise,lift_to_place
32.833165800,0.442407580773,-0.281503570527,0.335354265432,1.578915092026,0.248615146803,0.000000000000,0.080000000000,0.000000000000,0.000000000000,0.000000000000,0.000000000000,0.000000000000,0.000000000000,0.000000000000,0.000000000000,shoulder_lift,cruise,lift_to_place
32.883165800,0.442407580773,-0.277503570527,0.335354265432,1.578915092026,0.248615146803,0.000000000000,0.080000000000,0.000000000000,0.000000000000,0.000000000000,0.000000000000,0.000000000000,0.000000000000,0.000000000000,0.000000000000,shoulder_lift,cruise,lift_to_place
32.933165800,0.442407580773,-0.273503570527,0.335354265432,1.578915092026,0.248615146803,0.000000000000,0.080000000000,0.000000000000,0.000000000000,0.000000000000,0.000000000000,0.000000000000,0.000000000000,0.000000000000,0.000000000000,shoulder_lift,cruise,lift_to_place
32.983165800,0.442407580773,-0.269503570527,0.335354265432,1.578915092026,0.248615146803,0.000000000000,0.080000000000,0.000000000000,0.000000000000,0.000000000000,0.000000000000,0.000000000000,0.000000000000,0.000000000000,0.000000000000,shoulder_lift,cruise,lift_to_place
33.033165800,0.442407580773,-0.265503570527,0.335354265432,1.578915092026,0.248615146803,0.000000000000,0.080000000000,0.000000000000,0.000000000000,0.000000000000,0.000000000000,0.000000000000,0.000000000000,0.000000000000,0.000000000000,shoulder_lift,cruise,lift_to_place
33.083165800,0.442407580773,-0.261503570527,0.335354265432,1.578915092026,0.248615146803,0.000000000000,0.080000000000,0.000000000000,0.000000000000,0.000000000000,0.000000000000,0.000000000000,0.000000000000,0.000000000000,0.000000000000,shoulder_lift,cruise,lift_to_place
33.133165800,0.442407580773,-0.257503570527,0.335354265432,1.578915092026,0.248615146803,0.000000000000,0.080000000000,0.000000000000,0.000000000000,0.000000000000,0.000000000000,0.000000000000,0.000000000000,0.000000000000,0.000000000000,shoulder_lift,cruise,lift_to_place
33.183165800,0.442407580773,-0.253503570527,0.335354265432,1.578915092026,0.248615146803,0.000000000000,0.080000000000,0.000000000000,0.000000000000,0.000000000000,0.000000000000,0.000000000000,0.000000000000,0.000000000000,0.000000000000,shoulder_lift,cruise,lift_to_place
33.233165800,0.442407580773,-0.249503570527,0.335354265432,1.578915092026,0.248615146803,0.000000000000,0.080000000000,0.000000000000,0.000000000000,0.000000000000,0.000000000000,0.000000000000,0.000000000000,0.000000000000,0.000000000000,shoulder_lift,cruise,lift_to_place
33.283165800,0.442407580773,-0.245503570527,0.335354265432,1.578915092026,0.248615146803,0.000000000000,0.080000000000,0.000000000000,0.000000000000,0.000000000000,0.000000000000,0.000000000000,0.000000000000,0.000000000000,0.000000000000,shoulder_lift,cruise,lift_to_place
33.333165800,0.442407580773,-0.241503570527,0.335354265432,1.578915092026,0.248615146803,0.000000000000,0.080000000000,0.000000000000,0.000000000000,0.000000000000,0.000000000000,0.000000000000,0.000000000000,0.000000000000,0.000000000000,shoulder_lift,cruise,lift_to_place
33.383165800,0.442407580773,-0.237503570527,0.335354265432,1.578915092026,0.248615146803,0.000000000000,0.080000000000,0.000000000000,0.000000000000,0.000000000000,0.000000000000,0.000000000000,0.000000000000,0.000000000000,0.000000000000,shoulder_lift,cruise,lift_to_place
33.433165800,0.442407580773,-0.233503570527,0.335354265432,1.578915092026,0.248615146803,0.000000000000,0.080000000000,0.000000000000,0.000000000000,0.000000000000,0.000000000000,0.000000000000,0.000000000000,0.000000000000,0.000000000000,shoulder_lift,cruise,lift_to_place
33.483165800,0.442407580773,-0.229503570527,0.335354265432,1.578915092026,0.248615146803,0.000000000000,0.080000000000,0.000000000000,0.000000000000,0.000000000000,0.000000000000,0.000000000000,0.000000000000,0.000000000000,0.000000000000,shoulder_lift,cruise,lift_to_place
33.533165800,0.442407580773,-0.225503570527,0.335354265432,1.578915092026,0.248615146803,0.000000000000,0.080000000000,0.000000000000,0.000000000000,0.000000000000,0.000000000000,0.000000000000,0.000000000000,0.000000000000,0.000000000000,shoulder_lift,cruise,lift_to_place
33.583165800,0.442407580773,-0.221503570527,0.335354265432,1.578915092026,0.248615146803,0.000000000000,0.080000000000,0.000000000000,0.000000000000,0.000000000000,0.000000000000,0.000000000000,0.000000000000,0.000000000000,0.000000000000,shoulder_lift,cruise,lift_to_place
33.633165800,0.442407580773,-0.217503570527,0.335354265432,1.578915092026,0.248615146803,0.000000000000,0.080000000000,0.000000000000,0.000000000000,0.000000000000,0.000000000000,0.000000000000,0.000000000000,0.000000000000,0.000000000000,shoulder_lift,cruise,lift_to_place
33.683165800,0.442407580773,-0.213503570527,0.335354265432,1.578915092026,0.248615146803,0.000000000000,0.080000000000,0.000000000000,0.000000000000,0.000000000000,0.000000000000,0.000000000000,0.000000000000,0.000000000000,0.000000000000,shoulder_lift,cruise,lift_to_place
33.733165800,0.442407580773,-0.209503570527,0.335354265432,1.578915092026,0.248615146803,0.000000000000,0.080000000000,0.000000000000,0.000000000000,0.000000000000,0.000000000000,0.000000000000,0.000000000000,0.000000000000,0.000000000000,shoulder_lift,cruise,lift_to_place
33.783165800,0.442407580773,-0.205503570527,0.335354265432,1.578915092026,0.248615146803,0.000000000000,0.080000000000,0.000000000000,0.000000000000,0.000000000000,0.000000000000,0.000000000000,0.000000000000,0.000000000000,0.000000000000,shoulder_lift,cruise,lift_to_place
33.833165800,0.442407580773,-0.201503570527,0.335354265432,1.578915092026,0.248615146803,0.000000000000,0.080000000000,0.000000000000,0.000000000000,0.000000000000,0.000000000000,0.000000000000,0.000000000000,0.000000000000,0.000000000000,shoulder_lift,cruise,lift_to_place
33.883165800,0.442407580773,-0.197503570527,0.335354265432,1.578915092026,0.248615146803,0.000000000000,0.080000000000,0.000000000000,0.000000000000,0.000000000000,0.000000000000,0.000000000000,0.000000000000,0.000000000000,0.000000000000,shoulder_lift,cruise,lift_to_place
33.933165800,0.442407580773,-0.193503570527,0.335354265432,1.578915092026,0.248615146803,0.000000000000,0.080000000000,0.000000000000,0.000000000000,0.000000000000,0.000000000000,0.000000000000,0.000000000000,0.000000000000,0.000000000000,shoulder_lift,cruise,lift_to_place
33.983165800,0.442407580773,-0.189503570527,0.335354265432,1.578915092026,0.248615146803,0.000000000000,0.080000000000,0.000000000000,0.000000000000,0.000000000000,0.000000000000,0.000000000000,0.000000000000,0.000000000000,0.000000000000,shoulder_lift,cruise,lift_to_place
34.033165800,0.442407580773,-0.185503570527,0.335354265432,1.578915092026,0.248615146803,0.000000000000,0.080000000000,0.000000000000,0.000000000000,0.000000000000,0.000000000000,0.000000000000,0.000000000000,0.000000000000,0.000000000000,shoulder_lift,cruise,lift_to_place
34.083165800,0.442407580773,-0.181503570527,0.335354265432,1.578915092026,0.248615146803,0.000000000000,0.080000000000,0.000000000000,0.000000000000,0.000000000000,0.000000000000,0.000000000000,0.000000000000,0.000000000000,0.000000000000,shoulder_lift,cruise,lift_to_place
34.133165800,0.442407580773,-0.177503570527,0.335354265432,1.578915092026,0.248615146803,0.000000000000,0.080000000000,0.000000000000,0.000000000000,0.000000000000,0.000000000000,0.000000000000,0.000000000000,0.000000000000,0.000000000000,shoulder_lift,cruise,lift_to_place
34.183165800,0.442407580773,-0.173503570527,0.335354265432,1.578915092026,0.248615146803,0.000000000000,0.080000000000,0.000000000000,0.000000000000,0.000000000000,0.000000000000,0.000000000000,0.000000000000,0.000000000000,0.000000000000,shoulder_lift,cruise,lift_to_place
34.233165800,0.442407580773,-0.169503570527,0.335354265432,1.578915092026,0.248615146803,0.000000000000,0.080000000000,0.000000000000,0.000000000000,0.000000000000,0.000000000000,0.000000000000,0.000000000000,0.000000000000,0.000000000000,shoulder_lift,cruise,lift_to_place
34.283165800,0.442407580773,-0.165503570527,0.335354265432,1.578915092026,0.248615146803,0.000000000000,0.080000000000,0.000000000000,0.000000000000,0.000000000000,0.000000000000,0.000000000000,0.000000000000,0.000000000000,0.000000000000,shoulder_lift,cruise,lift_to_place
34.333165800,0.442407580773,-0.161503570527,0.335354265432,1.578915092026,0.248615146803,0.000000000000,0.080000000000,0.000000000000,0.000000000000,0.000000000000,0.000000000000,0.000000000000,0.000000000000,0.000000000000,0.000000000000,shoulder_lift,cruise,lift_to_place
34.383165800,0.442407580773,-0.157503570527,0.335354265432,1.578915092026,0.248615146803,0.000000000000,0.080000000000,0.000000000000,0.000000000000,0.000000000000,0.000000000000,0.000000000000,0.000000000000,0.000000000000,0.000000000000,shoulder_lift,cruise,lift_to_place
34.433165800,0.442407580773,-0.153503570527,0.335354265432,1.578915092026,0.248615146803,0.000000000000,0.080000000000,0.000000000000,0.000000000000,0.000000000000,0.000000000000,0.000000000000,0.000000000000,0.000000000000,0.000000000000,shoulder_lift,cruise,lift_to_place
34.483165800,0.442407580773,-0.149503570527,0.335354265432,1.578915092026,0.248615146803,0.000000000000,0.080000000000,0.000000000000,0.000000000000,0.000000000000,0.000000000000,0.000000000000,0.000000000000,0.000000000000,0.000000000000,shoulder_lift,cruise,lift_to_place
34.533165800,0.442407580773,-0.145503570527,0.335354265432,1.578915092026,0.248615146803,0.000000000000,0.080000000000,0.000000000000,0.000000000000,0.000000000000,0.000000000000,0.000000000000,0.000000000000,0.000000000000,0.000000000000,shoulder_lift,cruise,lift_to_place
34.583165800,0.442407580773,-0.141503570527,0.335354265432,1.578915092026,0.248615146803,0.000000000000,0.080000000000,0.000000000000,0.000000000000,0.000000000000,0.000000000000,0.000000000000,0.000000000000,0.000000000000,0.000000000000,shoulder_lift,cruise,lift_to_place
34.633165800,0.442407580773,-0.137503570527,0.335354265432,1.578915092026,0.248615146803,0.000000000000,0.080000000000,0.000000000000,0.000000000000,0.000000000000,0.000000000000,0.000000000000,0.000000000000,0.000000000000,0.000000000000,shoulder_lift,cruise,lift_to_place
34.683165800,0.442407580773,-0.133503570527,0.335354265432,1.578915092026,0.248615146803,0.000000000000,0.080000000000,0.000000000000,0.000000000000,0.000000000000,0.000000000000,0.000000000000,0.000000000000,0.000000000000,0.000000000000,shoulder_lift,cruise,lift_to_place
34.733165800,0.442407580773,-0.129503570527,0.335354265432,1.578915092026,0.248615146803,0.000000000000,0.080000000000,0.000000000000,0.000000000000,0.000000000000,0.000000000000,0.000000000000,0.000000000000,0.000000000000,0.000000000000,shoulder_lift,cruise,lift_to_place
34.783165800,0.442407580773,-0.125503570527,0.335354265432,1.578915092026,0.248615146803,0.000000000000,0.080000000000,0.000000000000,0.000000000000,0.000000000000,0.000000000000,0.000000000000,0.000000000000,0.000000000000,0.000000000000,shoulder_lift,cruise,lift_to_place
34.833165800,0.442407580773,-0.121503570527,0.335354265432,1.578915092026,0.248615146803,0.000000000000,0.080000000000,0.000000000000,0.000000000000,0.000000000000,0.000000000000,0.000000000000,0.000000000000,0.000000000000,0.000000000000,shoulder_lift,cruise,lift_to_place
34.883165800,0.442407580773,-0.117503570527,0.335354265432,1.578915092026,0.248615146803,0.000000000000,0.080000000000,0.000000000000,0.000000000000,0.000000000000,0.000000000000,0.000000000000,0.000000000000,0.000000000000,0.000000000000,shoulder_lift,cruise,lift_to_place
34.933165800,0.442407580773,-0.113503570527,0.335354265432,1.578915092026,0.248615146803,0.000000000000,0.080000000000,0.000000000000,0.000000000000,0.000000000000,0.000000000000,0.000000000000,0.000000000000,0.000000000000,0.000000000000,shoulder_lift,cruise,lift_to_place
34.983165800,0.442407580773,-0.109503570527,0.335354265432,1.578915092026,0.248615146803,0.000000000000,0.080000000000,0.000000000000,0.000000000000,0.000000000000,0.000000000000,0.000000000000,0.000000000000,0.000000000000,0.000000000000,shoulder_lift,cruise,lift_to_place
35.033165800,0.442407580773,-0.105503570527,0.335354265432,1.578915092026,0.248615146803,0.000000000000,0.080000000000,0.000000000000,0.000000000000,0.000000000000,0.000000000000,0.000000000000,0.000000000000,0.000000000000,0.000000000000,shoulder_lift,cruise,lift_to_place
35.083165800,0.442407580773,-0.101503570527,0.335354265432,1.578915092026,0.248615146803,0.000000000000,0.080000000000,0.000000000000,0.000000000000,0.000000000000,0.000000000000,0.000000000000,0.000000000000,0.000000000000,0.000000000000,shoulder_lift,cruise,lift_to_place
35.133165800,0.442407580773,-0.097503570527,0.335354265432,1.578915092026,0.248615146803,0.000000000000,0.080000000000,0.000000000000,0.000000000000,0.000000000000,0.000000000000,0.000000000000,0.000000000000,0.000000000000,0.000000000000,shoulder_lift,cruise,lift_to_place
35.183165800,0.442407580773,-0.093503570527,0.335354265432,1.578915092026,0.248615146803,0.000000000000,0.080000000000,0.000000000000,0.000000000000,0.000000000000,0.000000000000,0.000000000000,0.000000000000,0.000000000000,0.000000000000,shoulder_lift,cruise,lift_to_place
35.233165800,0.442407580773,-0.089503570527,0.335354265432,1.578915092026,0.248615146803,0.000000000000,0.080000000000,0.000000000000,0.000000000000,0.000000000000,0.000000000000,0.000000000000,0.000000000000,0.000000000000,0.000000000000,shoulder_lift,cruise,lift_to_place
35.283165800,0.442407580773,-0.085503570527,0.335354265432,1.578915092026,0.248615146803,0.000000000000,0.080000000000,0.000000000000,0.000000000000,0.000000000000,0.000000000000,0.000000000000,0.000000000000,0.000000000000,0.000000000000,shoulder_lift,cruise,lift_to_place
35.333165800,0.442407580773,-0.081739341143,0.335354265432,1.578915092026,0.248615146803,0.000000000000,0.070288756710,0.000000000000,0.000000000000,0.000000000000,0.000000000000,-0.200000000000,0.000000000000,0.000000000000,0.000000000000,shoulder_lift,decelerate,lift_to_place
35.383165800,0.442407580773,-0.078474903307,0.335354265432,1.578915092026,0.248615146803,0.000000000000,0.060288756710,0.000000000000,0.000000000000,0.000000000000,0.000000000000,-0.200000000000,0.000000000000,0.000000000000,0.000000000000,shoulder_lift,decelerate,lift_to_place
35.433165800,0.442407580773,-0.075710465472,0.335354265432,1.578915092026,0.248615146803,0.000000000000,0.050288756710,0.000000000000,0.000000000000,0.000000000000,0.000000000000,-0.200000000000,0.000000000000,0.000000000000,0.000000000000,shoulder_lift,decelerate,lift_to_place
35.483165800,0.442407580773,-0.073446027636,0.335354265432,1.578915092026,0.248615146803,0.000000000000,0.040288756710,0.000000000000,0.000000000000,0.000000000000,0.000000000000,-0.200000000000,0.000000000000,0.000000000000,0.000000000000,shoulder_lift,decelerate,lift_to_place
35.533165800,0.442407580773,-0.071681589801,0.335354265432,1.578915092026,0.248615146803,0.000000000000,0.030288756710,0.000000000000,0.000000000000,0.000000000000,0.000000000000,-0.200000000000,0.000000000000,0.000000000000,0.000000000000,shoulder_lift,decelerate,lift_to_place
35.583165800,0.442407580773,-0.070417151965,0.335354265432,1.578915092026,0.248615146803,0.000000000000,0.020288756710,0.000000000000,0.000000000000,0.000000000000,0.000000000000,-0.200000000000,0.000000000000,0.000000000000,0.000000000000,shoulder_lift,decelerate,lift_to_place
35.633165800,0.442407580773,-0.069652714130,0.335354265432,1.578915092026,0.248615146803,0.000000000000,0.010288756710,0.000000000000,0.000000000000,0.000000000000,0.000000000000,-0.200000000000,0.000000000000,0.000000000000,0.000000000000,shoulder_lift,decelerate,lift_to_place
35.683165800,0.442407580773,-0.069388276294,0.335354265432,1.578915092026,0.248615146803,0.000000000000,0.000288756710,0.000000000000,0.000000000000,0.000000000000,0.000000000000,-0.200000000000,0.000000000000,0.000000000000,0.000000000000,shoulder_lift,decelerate,lift_to_place
35.684609584,0.442407580773,-0.069388067843,0.335354265432,1.578915092026,0.248615146803,0.000000000000,0.000000000000,0.000000000000,0.000000000000,0.000000000000,0.000000000000,0.000000000000,0.000000000000,0.000000000000,0.000000000000,,end,lift_to_place
35.734609584,0.442407580773,-0.069388067843,0.335354265432,1.578915092026,0.248615146803,0.000000000000,0.000000000000,0.000000000000,0.000000000000,0.000000000000,0.000000000000,0.000000000000,0.000000000000,0.000000000000,0.000000000000,,settle,lift_to_place
35.784609584,0.442407580773,-0.069388067843,0.335354265432,1.578915092026,0.248615146803,0.000000000000,0.000000000000,0.000000000000,0.000000000000,0.000000000000,0.000000000000,0.000000000000,0.000000000000,0.000000000000,0.000000000000,,settle,lift_to_place
35.834609584,0.442407580773,-0.069388067843,0.335354265432,1.578915092026,0.248615146803,0.000000000000,0.000000000000,0.000000000000,0.000000000000,0.000000000000,0.000000000000,0.000000000000,0.000000000000,0.000000000000,0.000000000000,,settle,lift_to_place
35.884609584,0.442407580773,-0.069388067843,0.335354265432,1.578915092026,0.248615146803,0.000000000000,0.000000000000,0.000000000000,0.000000000000,0.000000000000,0.000000000000,0.000000000000,0.000000000000,0.000000000000,0.000000000000,,settle,lift_to_place
35.934609584,0.442407580773,-0.069388067843,0.335104265432,1.578915092026,0.248615146803,0.000000000000,0.000000000000,-0.010000000000,0.000000000000,0.000000000000,0.000000000000,0.000000000000,-0.200000000000,0.000000000000,0.000000000000,elbow_flex,accelerate,lift_to_place
35.984609584,0.442407580773,-0.069388067843,0.334354265432,1.578915092026,0.248615146803,0.000000000000,0.000000000000,-0.020000000000,0.000000000000,0.000000000000,0.000000000000,0.000000000000,-0.200000000000,0.000000000000,0.000000000000,elbow_flex,accelerate,lift_to_place
36.034609584,0.442407580773,-0.069388067843,0.333104265432,1.578915092026,0.248615146803,0.000000000000,0.000000000000,-0.030000000000,0.000000000000,0.000000000000,0.000000000000,0.000000000000,-0.200000000000,0.000000000000,0.000000000000,elbow_flex,accelerate,lift_to_place
36.084609584,0.442407580773,-0.069388067843,0.331354265432,1.578915092026,0.248615146803,0.000000000000,0.000000000000,-0.040000000000,0.000000000000,0.000000000000,0.000000000000,0.000000000000,-0.200000000000,0.000000000000,0.000000000000,elbow_flex,accelerate,lift_to_place
36.134609584,0.442407580773,-0.069388067843,0.329104265432,1.578915092026,0.248615146803,0.000000000000,0.000000000000,-0.050000000000,0.000000000000,0.000000000000,0.000000000000,0.000000000000,-0.200000000000,0.000000000000,0.000000000000,elbow_flex,accelerate,lift_to_place
36.184609584,0.442407580773,-0.069388067843,0.326354265432,1.578915092026,0.248615146803,0.000000000000,0.000000000000,-0.060000000000,0.000000000000,0.000000000000,0.000000000000,0.000000000000,-0.200000000000,0.000000000000,0.000000000000,elbow_flex,accelerate,lift_to_place
36.234609584,0.442407580773,-0.069388067843,0.323104265432,1.578915092026,0.248615146803,0.000000000000,0.000000000000,-0.070000000000,0.000000000000,0.000000000000,0.000000000000,0.000000000000,-0.200000000000,0.000000000000,0.000000000000,elbow_flex,accelerate,lift_to_place
36.284609584,0.442407580773,-0.069388067843,0.319354265432,1.578915092026,0.248615146803,0.000000000000,0.000000000000,-0.080000000000,0.000000000000,0.000000000000,0.000000000000,0.000000000000,-0.000000000000,0.000000000000,0.000000000000,elbow_flex,cruise,lift_to_place
36.334609584,0.442407580773,-0.069388067843,0.315354265432,1.578915092026,0.248615146803,0.000000000000,0.000000000000,-0.080000000000,0.000000000000,0.000000000000,0.000000000000,0.000000000000,-0.000000000000,0.000000000000,0.000000000000,elbow_flex,cruise,lift_to_place
36.384609584,0.442407580773,-0.069388067843,0.311354265432,1.578915092026,0.248615146803,0.000000000000,0.000000000000,-0.080000000000,0.000000000000,0.000000000000,0.000000000000,0.000000000000,-0.000000000000,0.000000000000,0.000000000000,elbow_flex,cruise,lift_to_place
36.434609584,0.442407580773,-0.069388067843,0.307354265432,1.578915092026,0.248615146803,0.000000000000,0.000000000000,-0.080000000000,0.000000000000,0.000000000000,0.000000000000,0.000000000000,-0.000000000000,0.000000000000,0.000000000000,elbow_flex,cruise,lift_to_place
36.484609584,0.442407580773,-0.069388067843,0.303354265432,1.578915092026,0.248615146803,0.000000000000,0.000000000000,-0.080000000000,0.000000000000,0.000000000000,0.000000000000,0.000000000000,-0.000000000000,0.000000000000,0.000000000000,elbow_flex,cruise,lift_to_place
36.534609584,0.442407580773,-0.069388067843,0.299354265432,1.578915092026,0.248615146803,0.000000000000,0.000000000000,-0.080000000000,0.000000000000,0.000000000000,0.000000000000,0.000000000000,-0.000000000000,0.000000000000,0.000000000000,elbow_flex,cruise,lift_to_place
36.584609584,0.442407580773,-0.069388067843,0.295354265432,1.578915092026,0.248615146803,0.000000000000,0.000000000000,-0.080000000000,0.000000000000,0.000000000000,0.000000000000,0.000000000000,-0.000000000000,0.000000000000,0.000000000000,elbow_flex,cruise,lift_to_place
36.634609584,0.442407580773,-0.069388067843,0.291354265432,1.578915092026,0.248615146803,0.000000000000,0.000000000000,-0.080000000000,0.000000000000,0.000000000000,0.000000000000,0.000000000000,-0.000000000000,0.000000000000,0.000000000000,elbow_flex,cruise,lift_to_place
36.684609584,0.442407580773,-0.069388067843,0.287354265432,1.578915092026,0.248615146803,0.000000000000,0.000000000000,-0.080000000000,0.000000000000,0.000000000000,0.000000000000,0.000000000000,-0.000000000000,0.000000000000,0.000000000000,elbow_flex,cruise,lift_to_place
36.734609584,0.442407580773,-0.069388067843,0.283354265432,1.578915092026,0.248615146803,0.000000000000,0.000000000000,-0.080000000000,0.000000000000,0.000000000000,0.000000000000,0.000000000000,-0.000000000000,0.000000000000,0.000000000000,elbow_flex,cruise,lift_to_place
36.784609584,0.442407580773,-0.069388067843,0.279354265432,1.578915092026,0.248615146803,0.000000000000,0.000000000000,-0.080000000000,0.000000000000,0.000000000000,0.000000000000,0.000000000000,-0.000000000000,0.000000000000,0.000000000000,elbow_flex,cruise,lift_to_place
36.834609584,0.442407580773,-0.069388067843,0.275354265432,1.578915092026,0.248615146803,0.000000000000,0.000000000000,-0.080000000000,0.000000000000,0.000000000000,0.000000000000,0.000000000000,-0.000000000000,0.000000000000,0.000000000000,elbow_flex,cruise,lift_to_place
36.884609584,0.442407580773,-0.069388067843,0.271354265432,1.578915092026,0.248615146803,0.000000000000,0.000000000000,-0.080000000000,0.000000000000,0.000000000000,0.000000000000,0.000000000000,-0.000000000000,0.000000000000,0.000000000000,elbow_flex,cruise,lift_to_place
36.934609584,0.442407580773,-0.069388067843,0.267354265432,1.578915092026,0.248615146803,0.000000000000,0.000000000000,-0.080000000000,0.000000000000,0.000000000000,0.000000000000,0.000000000000,-0.000000000000,0.000000000000,0.000000000000,elbow_flex,cruise,lift_to_place
36.984609584,0.442407580773,-0.069388067843,0.263354265432,1.578915092026,0.248615146803,0.000000000000,0.000000000000,-0.080000000000,0.000000000000,0.000000000000,0.000000000000,0.000000000000,-0.000000000000,0.000000000000,0.000000000000,elbow_flex,cruise,lift_to_place
37.034609584,0.442407580773,-0.069388067843,0.259354265432,1.578915092026,0.248615146803,0.000000000000,0.000000000000,-0.080000000000,0.000000000000,0.000000000000,0.000000000000,0.000000000000,-0.000000000000,0.000000000000,0.000000000000,elbow_flex,cruise,lift_to_place
37.084609584,0.442407580773,-0.069388067843,0.255354265432,1.578915092026,0.248615146803,0.000000000000,0.000000000000,-0.080000000000,0.000000000000,0.000000000000,0.000000000000,0.000000000000,-0.000000000000,0.000000000000,0.000000000000,elbow_flex,cruise,lift_to_place
37.134609584,0.442407580773,-0.069388067843,0.251354265432,1.578915092026,0.248615146803,0.000000000000,0.000000000000,-0.080000000000,0.000000000000,0.000000000000,0.000000000000,0.000000000000,-0.000000000000,0.000000000000,0.000000000000,elbow_flex,cruise,lift_to_place
37.184609584,0.442407580773,-0.069388067843,0.247354265432,1.578915092026,0.248615146803,0.000000000000,0.000000000000,-0.080000000000,0.000000000000,0.000000000000,0.000000000000,0.000000000000,-0.000000000000,0.000000000000,0.000000000000,elbow_flex,cruise,lift_to_place
37.234609584,0.442407580773,-0.069388067843,0.243354265432,1.578915092026,0.248615146803,0.000000000000,0.000000000000,-0.080000000000,0.000000000000,0.000000000000,0.000000000000,0.000000000000,-0.000000000000,0.000000000000,0.000000000000,elbow_flex,cruise,lift_to_place
37.284609584,0.442407580773,-0.069388067843,0.239354265432,1.578915092026,0.248615146803,0.000000000000,0.000000000000,-0.080000000000,0.000000000000,0.000000000000,0.000000000000,0.000000000000,-0.000000000000,0.000000000000,0.000000000000,elbow_flex,cruise,lift_to_place
37.334609584,0.442407580773,-0.069388067843,0.235354265432,1.578915092026,0.248615146803,0.000000000000,0.000000000000,-0.080000000000,0.000000000000,0.000000000000,0.000000000000,0.000000000000,-0.000000000000,0.000000000000,0.000000000000,elbow_flex,cruise,lift_to_place
37.384609584,0.442407580773,-0.069388067843,0.231354265432,1.578915092026,0.248615146803,0.000000000000,0.000000000000,-0.080000000000,0.000000000000,0.000000000000,0.000000000000,0.000000000000,-0.000000000000,0.000000000000,0.000000000000,elbow_flex,cruise,lift_to_place
37.434609584,0.442407580773,-0.069388067843,0.227354265432,1.578915092026,0.248615146803,0.000000000000,0.000000000000,-0.080000000000,0.000000000000,0.000000000000,0.000000000000,0.000000000000,-0.000000000000,0.000000000000,0.000000000000,elbow_flex,cruise,lift_to_place
37.484609584,0.442407580773,-0.069388067843,0.223354265432,1.578915092026,0.248615146803,0.000000000000,0.000000000000,-0.080000000000,0.000000000000,0.000000000000,0.000000000000,0.000000000000,-0.000000000000,0.000000000000,0.000000000000,elbow_flex,cruise,lift_to_place
37.534609584,0.442407580773,-0.069388067843,0.219354265432,1.578915092026,0.248615146803,0.000000000000,0.000000000000,-0.080000000000,0.000000000000,0.000000000000,0.000000000000,0.000000000000,-0.000000000000,0.000000000000,0.000000000000,elbow_flex,cruise,lift_to_place
37.584609584,0.442407580773,-0.069388067843,0.215354265432,1.578915092026,0.248615146803,0.000000000000,0.000000000000,-0.080000000000,0.000000000000,0.000000000000,0.000000000000,0.000000000000,-0.000000000000,0.000000000000,0.000000000000,elbow_flex,cruise,lift_to_place
37.634609584,0.442407580773,-0.069388067843,0.211354265432,1.578915092026,0.248615146803,0.000000000000,0.000000000000,-0.080000000000,0.000000000000,0.000000000000,0.000000000000,0.000000000000,-0.000000000000,0.000000000000,0.000000000000,elbow_flex,cruise,lift_to_place
37.684609584,0.442407580773,-0.069388067843,0.207354265432,1.578915092026,0.248615146803,0.000000000000,0.000000000000,-0.080000000000,0.000000000000,0.000000000000,0.000000000000,0.000000000000,-0.000000000000,0.000000000000,0.000000000000,elbow_flex,cruise,lift_to_place
37.734609584,0.442407580773,-0.069388067843,0.203354265432,1.578915092026,0.248615146803,0.000000000000,0.000000000000,-0.080000000000,0.000000000000,0.000000000000,0.000000000000,0.000000000000,-0.000000000000,0.000000000000,0.000000000000,elbow_flex,cruise,lift_to_place
37.784609584,0.442407580773,-0.069388067843,0.199354265432,1.578915092026,0.248615146803,0.000000000000,0.000000000000,-0.080000000000,0.000000000000,0.000000000000,0.000000000000,0.000000000000,-0.000000000000,0.000000000000,0.000000000000,elbow_flex,cruise,lift_to_place
37.834609584,0.442407580773,-0.069388067843,0.195354265432,1.578915092026,0.248615146803,0.000000000000,0.000000000000,-0.080000000000,0.000000000000,0.000000000000,0.000000000000,0.000000000000,-0.000000000000,0.000000000000,0.000000000000,elbow_flex,cruise,lift_to_place
37.884609584,0.442407580773,-0.069388067843,0.191354265432,1.578915092026,0.248615146803,0.000000000000,0.000000000000,-0.080000000000,0.000000000000,0.000000000000,0.000000000000,0.000000000000,-0.000000000000,0.000000000000,0.000000000000,elbow_flex,cruise,lift_to_place
37.934609584,0.442407580773,-0.069388067843,0.187354265432,1.578915092026,0.248615146803,0.000000000000,0.000000000000,-0.080000000000,0.000000000000,0.000000000000,0.000000000000,0.000000000000,-0.000000000000,0.000000000000,0.000000000000,elbow_flex,cruise,lift_to_place
37.984609584,0.442407580773,-0.069388067843,0.183354265432,1.578915092026,0.248615146803,0.000000000000,0.000000000000,-0.080000000000,0.000000000000,0.000000000000,0.000000000000,0.000000000000,-0.000000000000,0.000000000000,0.000000000000,elbow_flex,cruise,lift_to_place
38.034609584,0.442407580773,-0.069388067843,0.179354265432,1.578915092026,0.248615146803,0.000000000000,0.000000000000,-0.080000000000,0.000000000000,0.000000000000,0.000000000000,0.000000000000,-0.000000000000,0.000000000000,0.000000000000,elbow_flex,cruise,lift_to_place
38.084609584,0.442407580773,-0.069388067843,0.175354265432,1.578915092026,0.248615146803,0.000000000000,0.000000000000,-0.080000000000,0.000000000000,0.000000000000,0.000000000000,0.000000000000,-0.000000000000,0.000000000000,0.000000000000,elbow_flex,cruise,lift_to_place
38.134609584,0.442407580773,-0.069388067843,0.171354265432,1.578915092026,0.248615146803,0.000000000000,0.000000000000,-0.080000000000,0.000000000000,0.000000000000,0.000000000000,0.000000000000,-0.000000000000,0.000000000000,0.000000000000,elbow_flex,cruise,lift_to_place
38.184609584,0.442407580773,-0.069388067843,0.167354265432,1.578915092026,0.248615146803,0.000000000000,0.000000000000,-0.080000000000,0.000000000000,0.000000000000,0.000000000000,0.000000000000,-0.000000000000,0.000000000000,0.000000000000,elbow_flex,cruise,lift_to_place
38.234609584,0.442407580773,-0.069388067843,0.163354265432,1.578915092026,0.248615146803,0.000000000000,0.000000000000,-0.080000000000,0.000000000000,0.000000000000,0.000000000000,0.000000000000,-0.000000000000,0.000000000000,0.000000000000,elbow_flex,cruise,lift_to_place
38.284609584,0.442407580773,-0.069388067843,0.159354265432,1.578915092026,0.248615146803,0.000000000000,0.000000000000,-0.080000000000,0.000000000000,0.000000000000,0.000000000000,0.000000000000,-0.000000000000,0.000000000000,0.000000000000,elbow_flex,cruise,lift_to_place
38.334609584,0.442407580773,-0.069388067843,0.155354265432,1.578915092026,0.248615146803,0.000000000000,0.000000000000,-0.080000000000,0.000000000000,0.000000000000,0.000000000000,0.000000000000,-0.000000000000,0.000000000000,0.000000000000,elbow_flex,cruise,lift_to_place
38.384609584,0.442407580773,-0.069388067843,0.151354265432,1.578915092026,0.248615146803,0.000000000000,0.000000000000,-0.080000000000,0.000000000000,0.000000000000,0.000000000000,0.000000000000,-0.000000000000,0.000000000000,0.000000000000,elbow_flex,cruise,lift_to_place
38.434609584,0.442407580773,-0.069388067843,0.147354265432,1.578915092026,0.248615146803,0.000000000000,0.000000000000,-0.080000000000,0.000000000000,0.000000000000,0.000000000000,0.000000000000,-0.000000000000,0.000000000000,0.000000000000,elbow_flex,cruise,lift_to_place
38.484609584,0.442407580773,-0.069388067843,0.143354265432,1.578915092026,0.248615146803,0.000000000000,0.000000000000,-0.080000000000,0.000000000000,0.000000000000,0.000000000000,0.000000000000,-0.000000000000,0.000000000000,0.000000000000,elbow_flex,cruise,lift_to_place
38.534609584,0.442407580773,-0.069388067843,0.139354265432,1.578915092026,0.248615146803,0.000000000000,0.000000000000,-0.080000000000,0.000000000000,0.000000000000,0.000000000000,0.000000000000,-0.000000000000,0.000000000000,0.000000000000,elbow_flex,cruise,lift_to_place
38.584609584,0.442407580773,-0.069388067843,0.135354265432,1.578915092026,0.248615146803,0.000000000000,0.000000000000,-0.080000000000,0.000000000000,0.000000000000,0.000000000000,0.000000000000,-0.000000000000,0.000000000000,0.000000000000,elbow_flex,cruise,lift_to_place
38.634609584,0.442407580773,-0.069388067843,0.131354265432,1.578915092026,0.248615146803,0.000000000000,0.000000000000,-0.080000000000,0.000000000000,0.000000000000,0.000000000000,0.000000000000,-0.000000000000,0.000000000000,0.000000000000,elbow_flex,cruise,lift_to_place
38.684609584,0.442407580773,-0.069388067843,0.127354265432,1.578915092026,0.248615146803,0.000000000000,0.000000000000,-0.080000000000,0.000000000000,0.000000000000,0.000000000000,0.000000000000,-0.000000000000,0.000000000000,0.000000000000,elbow_flex,cruise,lift_to_place
38.734609584,0.442407580773,-0.069388067843,0.123354265432,1.578915092026,0.248615146803,0.000000000000,0.000000000000,-0.080000000000,0.000000000000,0.000000000000,0.000000000000,0.000000000000,-0.000000000000,0.000000000000,0.000000000000,elbow_flex,cruise,lift_to_place
38.784609584,0.442407580773,-0.069388067843,0.119354265432,1.578915092026,0.248615146803,0.000000000000,0.000000000000,-0.080000000000,0.000000000000,0.000000000000,0.000000000000,0.000000000000,-0.000000000000,0.000000000000,0.000000000000,elbow_flex,cruise,lift_to_place
38.834609584,0.442407580773,-0.069388067843,0.115354265432,1.578915092026,0.248615146803,0.000000000000,0.000000000000,-0.080000000000,0.000000000000,0.000000000000,0.000000000000,0.000000000000,-0.000000000000,0.000000000000,0.000000000000,elbow_flex,cruise,lift_to_place
38.884609584,0.442407580773,-0.069388067843,0.111354265432,1.578915092026,0.248615146803,0.000000000000,0.000000000000,-0.080000000000,0.000000000000,0.000000000000,0.000000000000,0.000000000000,-0.000000000000,0.000000000000,0.000000000000,elbow_flex,cruise,lift_to_place
38.934609584,0.442407580773,-0.069388067843,0.107354265432,1.578915092026,0.248615146803,0.000000000000,0.000000000000,-0.080000000000,0.000000000000,0.000000000000,0.000000000000,0.000000000000,-0.000000000000,0.000000000000,0.000000000000,elbow_flex,cruise,lift_to_place
38.984609584,0.442407580773,-0.069388067843,0.103354265432,1.578915092026,0.248615146803,0.000000000000,0.000000000000,-0.080000000000,0.000000000000,0.000000000000,0.000000000000,0.000000000000,-0.000000000000,0.000000000000,0.000000000000,elbow_flex,cruise,lift_to_place
39.034609584,0.442407580773,-0.069388067843,0.099354265432,1.578915092026,0.248615146803,0.000000000000,0.000000000000,-0.080000000000,0.000000000000,0.000000000000,0.000000000000,0.000000000000,-0.000000000000,0.000000000000,0.000000000000,elbow_flex,cruise,lift_to_place
39.084609584,0.442407580773,-0.069388067843,0.095354265432,1.578915092026,0.248615146803,0.000000000000,0.000000000000,-0.080000000000,0.000000000000,0.000000000000,0.000000000000,0.000000000000,-0.000000000000,0.000000000000,0.000000000000,elbow_flex,cruise,lift_to_place
39.134609584,0.442407580773,-0.069388067843,0.091354265432,1.578915092026,0.248615146803,0.000000000000,0.000000000000,-0.080000000000,0.000000000000,0.000000000000,0.000000000000,0.000000000000,-0.000000000000,0.000000000000,0.000000000000,elbow_flex,cruise,lift_to_place
39.184609584,0.442407580773,-0.069388067843,0.087354265432,1.578915092026,0.248615146803,0.000000000000,0.000000000000,-0.080000000000,0.000000000000,0.000000000000,0.000000000000,0.000000000000,-0.000000000000,0.000000000000,0.000000000000,elbow_flex,cruise,lift_to_place
39.234609584,0.442407580773,-0.069388067843,0.083354265432,1.578915092026,0.248615146803,0.000000000000,0.000000000000,-0.080000000000,0.000000000000,0.000000000000,0.000000000000,0.000000000000,-0.000000000000,0.000000000000,0.000000000000,elbow_flex,cruise,lift_to_place
39.284609584,0.442407580773,-0.069388067843,0.079354265432,1.578915092026,0.248615146803,0.000000000000,0.000000000000,-0.080000000000,0.000000000000,0.000000000000,0.000000000000,0.000000000000,-0.000000000000,0.000000000000,0.000000000000,elbow_flex,cruise,lift_to_place
39.334609584,0.442407580773,-0.069388067843,0.075354265432,1.578915092026,0.248615146803,0.000000000000,0.000000000000,-0.080000000000,0.000000000000,0.000000000000,0.000000000000,0.000000000000,-0.000000000000,0.000000000000,0.000000000000,elbow_flex,cruise,lift_to_place
39.384609584,0.442407580773,-0.069388067843,0.071354265432,1.578915092026,0.248615146803,0.000000000000,0.000000000000,-0.080000000000,0.000000000000,0.000000000000,0.000000000000,0.000000000000,-0.000000000000,0.000000000000,0.000000000000,elbow_flex,cruise,lift_to_place
39.434609584,0.442407580773,-0.069388067843,0.067368319943,1.578915092026,0.248615146803,0.000000000000,0.000000000000,-0.077628965508,0.000000000000,0.000000000000,0.000000000000,0.000000000000,0.200000000000,0.000000000000,0.000000000000,elbow_flex,decelerate,lift_to_place
39.484609584,0.442407580773,-0.069388067843,0.063736871668,1.578915092026,0.248615146803,0.000000000000,0.000000000000,-0.067628965508,0.000000000000,0.000000000000,0.000000000000,0.000000000000,0.200000000000,0.000000000000,0.000000000000,elbow_flex,decelerate,lift_to_place
39.534609584,0.442407580773,-0.069388067843,0.060605423392,1.578915092026,0.248615146803,0.000000000000,0.000000000000,-0.057628965508,0.000000000000,0.000000000000,0.000000000000,0.000000000000,0.200000000000,0.000000000000,0.000000000000,elbow_flex,decelerate,lift_to_place
39.584609584,0.442407580773,-0.069388067843,0.057973975117,1.578915092026,0.248615146803,0.000000000000,0.000000000000,-0.047628965508,0.000000000000,0.000000000000,0.000000000000,0.000000000000,0.200000000000,0.000000000000,0.000000000000,elbow_flex,decelerate,lift_to_place
39.634609584,0.442407580773,-0.069388067843,0.055842526841,1.578915092026,0.248615146803,0.000000000000,0.000000000000,-0.037628965508,0.000000000000,0.000000000000,0.000000000000,0.000000000000,0.200000000000,0.000000000000,0.000000000000,elbow_flex,decelerate,lift_to_place
39.684609584,0.442407580773,-0.069388067843,0.054211078566,1.578915092026,0.248615146803,0.000000000000,0.000000000000,-0.027628965508,0.000000000000,0.000000000000,0.000000000000,0.000000000000,0.200000000000,0.000000000000,0.000000000000,elbow_flex,decelerate,lift_to_place
39.734609584,0.442407580773,-0.069388067843,0.053079630290,1.578915092026,0.248615146803,0.000000000000,0.000000000000,-0.017628965508,0.000000000000,0.000000000000,0.000000000000,0.000000000000,0.200000000000,0.000000000000,0.000000000000,elbow_flex,decelerate,lift_to_place
39.784609584,0.442407580773,-0.069388067843,0.052448182015,1.578915092026,0.248615146803,0.000000000000,0.000000000000,-0.007628965508,0.000000000000,0.000000000000,0.000000000000,0.000000000000,0.200000000000,0.000000000000,0.000000000000,elbow_flex,decelerate,lift_to_place
39.822754411,0.442407580773,-0.069388067843,0.052302679228,1.578915092026,0.248615146803,0.000000000000,0.000000000000,0.000000000000,0.000000000000,0.000000000000,0.000000000000,0.000000000000,0.000000000000,0.000000000000,0.000000000000,,end,lift_to_place
39.872754411,0.442407580773,-0.069388067843,0.052302679228,1.578915092026,0.248615146803,0.000000000000,0.000000000000,0.000000000000,0.000000000000,0.000000000000,0.000000000000,0.000000000000,0.000000000000,0.000000000000,0.000000000000,,settle,lift_to_place
39.922754411,0.442407580773,-0.069388067843,0.052302679228,1.578915092026,0.248615146803,0.000000000000,0.000000000000,0.000000000000,0.000000000000,0.000000000000,0.000000000000,0.000000000000,0.000000000000,0.000000000000,0.000000000000,,settle,lift_to_place
39.972754411,0.442407580773,-0.069388067843,0.052302679228,1.578915092026,0.248615146803,0.000000000000,0.000000000000,0.000000000000,0.000000000000,0.000000000000,0.000000000000,0.000000000000,0.000000000000,0.000000000000,0.000000000000,,settle,lift_to_place
40.022754411,0.442407580773,-0.069388067843,0.052302679228,1.578915092026,0.248615146803,0.000000000000,0.000000000000,0.000000000000,0.000000000000,0.000000000000,0.000000000000,0.000000000000,0.000000000000,0.000000000000,0.000000000000,,settle,lift_to_place
40.072754411,0.442407580773,-0.069388067843,0.052302679228,1.579165092026,0.248615146803,0.000000000000,0.000000000000,0.000000000000,0.010000000000,0.000000000000,0.000000000000,0.000000000000,0.000000000000,0.200000000000,0.000000000000,wrist_flex,accelerate,lift_to_place
40.122754411,0.442407580773,-0.069388067843,0.052302679228,1.579915092026,0.248615146803,0.000000000000,0.000000000000,0.000000000000,0.020000000000,0.000000000000,0.000000000000,0.000000000000,0.000000000000,0.200000000000,0.000000000000,wrist_flex,accelerate,lift_to_place
40.172754411,0.442407580773,-0.069388067843,0.052302679228,1.581165092026,0.248615146803,0.000000000000,0.000000000000,0.000000000000,0.030000000000,0.000000000000,0.000000000000,0.000000000000,0.000000000000,0.200000000000,0.000000000000,wrist_flex,accelerate,lift_to_place
40.222754411,0.442407580773,-0.069388067843,0.052302679228,1.582636626214,0.248615146803,0.000000000000,0.000000000000,0.000000000000,0.025074429658,0.000000000000,0.000000000000,0.000000000000,0.000000000000,-0.200000000000,0.000000000000,wrist_flex,decelerate,lift_to_place
40.272754411,0.442407580773,-0.069388067843,0.052302679228,1.583640347696,0.248615146803,0.000000000000,0.000000000000,0.000000000000,0.015074429658,0.000000000000,0.000000000000,0.000000000000,0.000000000000,-0.200000000000,0.000000000000,wrist_flex,decelerate,lift_to_place
40.322754411,0.442407580773,-0.069388067843,0.052302679228,1.584144069179,0.248615146803,0.000000000000,0.000000000000,0.000000000000,0.005074429658,0.000000000000,0.000000000000,0.000000000000,0.000000000000,-0.200000000000,0.000000000000,wrist_flex,decelerate,lift_to_place
40.348126560,0.442407580773,-0.069388067843,0.052302679228,1.584208443770,0.248615146803,0.000000000000,0.000000000000,0.000000000000,0.000000000000,0.000000000000,0.000000000000,0.000000000000,0.000000000000,0.000000000000,0.000000000000,,end,lift_to_place
40.398126560,0.442407580773,-0.069388067843,0.052302679228,1.584208443770,0.248615146803,0.000000000000,0.000000000000,0.000000000000,0.000000000000,0.000000000000,0.000000000000,0.000000000000,0.000000000000,0.000000000000,0.000000000000,,settle,lift_to_place
40.448126560,0.442407580773,-0.069388067843,0.052302679228,1.584208443770,0.248615146803,0.000000000000,0.000000000000,0.000000000000,0.000000000000,0.000000000000,0.000000000000,0.000000000000,0.000000000000,0.000000000000,0.000000000000,,settle,lift_to_place
40.498126560,0.442407580773,-0.069388067843,0.052302679228,1.584208443770,0.248615146803,0.000000000000,0.000000000000,0.000000000000,0.000000000000,0.000000000000,0.000000000000,0.000000000000,0.000000000000,0.000000000000,0.000000000000,,settle,lift_to_place
40.548126560,0.442407580773,-0.069388067843,0.052302679228,1.584208443770,0.248615146803,0.000000000000,0.000000000000,0.000000000000,0.000000000000,0.000000000000,0.000000000000,0.000000000000,0.000000000000,0.000000000000,0.000000000000,,settle,lift_to_place
40.598126560,0.442407580773,-0.069388067843,0.052302679228,1.584208443770,0.248865146803,0.000000000000,0.000000000000,0.000000000000,0.000000000000,0.010000000000,0.000000000000,0.000000000000,0.000000000000,0.000000000000,0.200000000000,wrist_roll,accelerate,lift_to_place
40.648126560,0.442407580773,-0.069388067843,0.052302679228,1.584208443770,0.249615146803,0.000000000000,0.000000000000,0.000000000000,0.000000000000,0.020000000000,0.000000000000,0.000000000000,0.000000000000,0.000000000000,0.200000000000,wrist_roll,accelerate,lift_to_place
40.698126560,0.442407580773,-0.069388067843,0.052302679228,1.584208443770,0.250865146803,0.000000000000,0.000000000000,0.000000000000,0.000000000000,0.030000000000,0.000000000000,0.000000000000,0.000000000000,0.000000000000,0.200000000000,wrist_roll,accelerate,lift_to_place
40.748126560,0.442407580773,-0.069388067843,0.052302679228,1.584208443770,0.252615146803,0.000000000000,0.000000000000,0.000000000000,0.000000000000,0.040000000000,0.000000000000,0.000000000000,0.000000000000,0.000000000000,0.200000000000,wrist_roll,accelerate,lift_to_place
40.798126560,0.442407580773,-0.069388067843,0.052302679228,1.584208443770,0.254865146803,0.000000000000,0.000000000000,0.000000000000,0.000000000000,0.050000000000,0.000000000000,0.000000000000,0.000000000000,0.000000000000,0.200000000000,wrist_roll,accelerate,lift_to_place
40.848126560,0.442407580773,-0.069388067843,0.052302679228,1.584208443770,0.257615146803,0.000000000000,0.000000000000,0.000000000000,0.000000000000,0.060000000000,0.000000000000,0.000000000000,0.000000000000,0.000000000000,0.200000000000,wrist_roll,accelerate,lift_to_place
40.898126560,0.442407580773,-0.069388067843,0.052302679228,1.584208443770,0.260865146803,0.000000000000,0.000000000000,0.000000000000,0.000000000000,0.070000000000,0.000000000000,0.000000000000,0.000000000000,0.000000000000,0.200000000000,wrist_roll,accelerate,lift_to_place
40.948126560,0.442407580773,-0.069388067843,0.052302679228,1.584208443770,0.264615146803,0.000000000000,0.000000000000,0.000000000000,0.000000000000,0.080000000000,0.000000000000,0.000000000000,0.000000000000,0.000000000000,0.000000000000,wrist_roll,cruise,lift_to_place
40.998126560,0.442407580773,-0.069388067843,0.052302679228,1.584208443770,0.268615146803,0.000000000000,0.000000000000,0.000000000000,0.000000000000,0.080000000000,0.000000000000,0.000000000000,0.000000000000,0.000000000000,0.000000000000,wrist_roll,cruise,lift_to_place
41.048126560,0.442407580773,-0.069388067843,0.052302679228,1.584208443770,0.272615146803,0.000000000000,0.000000000000,0.000000000000,0.000000000000,0.080000000000,0.000000000000,0.000000000000,0.000000000000,0.000000000000,0.000000000000,wrist_roll,cruise,lift_to_place
41.098126560,0.442407580773,-0.069388067843,0.052302679228,1.584208443770,0.276615146803,0.000000000000,0.000000000000,0.000000000000,0.000000000000,0.080000000000,0.000000000000,0.000000000000,0.000000000000,0.000000000000,0.000000000000,wrist_roll,cruise,lift_to_place
41.148126560,0.442407580773,-0.069388067843,0.052302679228,1.584208443770,0.280615146803,0.000000000000,0.000000000000,0.000000000000,0.000000000000,0.080000000000,0.000000000000,0.000000000000,0.000000000000,0.000000000000,0.000000000000,wrist_roll,cruise,lift_to_place
41.198126560,0.442407580773,-0.069388067843,0.052302679228,1.584208443770,0.284615146803,0.000000000000,0.000000000000,0.000000000000,0.000000000000,0.080000000000,0.000000000000,0.000000000000,0.000000000000,0.000000000000,0.000000000000,wrist_roll,cruise,lift_to_place
41.248126560,0.442407580773,-0.069388067843,0.052302679228,1.584208443770,0.288615146803,0.000000000000,0.000000000000,0.000000000000,0.000000000000,0.080000000000,0.000000000000,0.000000000000,0.000000000000,0.000000000000,0.000000000000,wrist_roll,cruise,lift_to_place
41.298126560,0.442407580773,-0.069388067843,0.052302679228,1.584208443770,0.292615146803,0.000000000000,0.000000000000,0.000000000000,0.000000000000,0.080000000000,0.000000000000,0.000000000000,0.000000000000,0.000000000000,0.000000000000,wrist_roll,cruise,lift_to_place
41.348126560,0.442407580773,-0.069388067843,0.052302679228,1.584208443770,0.296615146803,0.000000000000,0.000000000000,0.000000000000,0.000000000000,0.080000000000,0.000000000000,0.000000000000,0.000000000000,0.000000000000,0.000000000000,wrist_roll,cruise,lift_to_place
41.398126560,0.442407580773,-0.069388067843,0.052302679228,1.584208443770,0.300615146803,0.000000000000,0.000000000000,0.000000000000,0.000000000000,0.080000000000,0.000000000000,0.000000000000,0.000000000000,0.000000000000,0.000000000000,wrist_roll,cruise,lift_to_place
41.448126560,0.442407580773,-0.069388067843,0.052302679228,1.584208443770,0.304615146803,0.000000000000,0.000000000000,0.000000000000,0.000000000000,0.080000000000,0.000000000000,0.000000000000,0.000000000000,0.000000000000,0.000000000000,wrist_roll,cruise,lift_to_place
41.498126560,0.442407580773,-0.069388067843,0.052302679228,1.584208443770,0.308615146803,0.000000000000,0.000000000000,0.000000000000,0.000000000000,0.080000000000,0.000000000000,0.000000000000,0.000000000000,0.000000000000,0.000000000000,wrist_roll,cruise,lift_to_place
41.548126560,0.442407580773,-0.069388067843,0.052302679228,1.584208443770,0.312615146803,0.000000000000,0.000000000000,0.000000000000,0.000000000000,0.080000000000,0.000000000000,0.000000000000,0.000000000000,0.000000000000,0.000000000000,wrist_roll,cruise,lift_to_place
41.598126560,0.442407580773,-0.069388067843,0.052302679228,1.584208443770,0.316615146803,0.000000000000,0.000000000000,0.000000000000,0.000000000000,0.080000000000,0.000000000000,0.000000000000,0.000000000000,0.000000000000,0.000000000000,wrist_roll,cruise,lift_to_place
41.648126560,0.442407580773,-0.069388067843,0.052302679228,1.584208443770,0.320615146803,0.000000000000,0.000000000000,0.000000000000,0.000000000000,0.080000000000,0.000000000000,0.000000000000,0.000000000000,0.000000000000,0.000000000000,wrist_roll,cruise,lift_to_place
41.698126560,0.442407580773,-0.069388067843,0.052302679228,1.584208443770,0.324615146803,0.000000000000,0.000000000000,0.000000000000,0.000000000000,0.080000000000,0.000000000000,0.000000000000,0.000000000000,0.000000000000,0.000000000000,wrist_roll,cruise,lift_to_place
41.748126560,0.442407580773,-0.069388067843,0.052302679228,1.584208443770,0.328615146803,0.000000000000,0.000000000000,0.000000000000,0.000000000000,0.080000000000,0.000000000000,0.000000000000,0.000000000000,0.000000000000,0.000000000000,wrist_roll,cruise,lift_to_place
41.798126560,0.442407580773,-0.069388067843,0.052302679228,1.584208443770,0.332615146803,0.000000000000,0.000000000000,0.000000000000,0.000000000000,0.080000000000,0.000000000000,0.000000000000,0.000000000000,0.000000000000,0.000000000000,wrist_roll,cruise,lift_to_place
41.848126560,0.442407580773,-0.069388067843,0.052302679228,1.584208443770,0.336615146803,0.000000000000,0.000000000000,0.000000000000,0.000000000000,0.080000000000,0.000000000000,0.000000000000,0.000000000000,0.000000000000,0.000000000000,wrist_roll,cruise,lift_to_place
41.898126560,0.442407580773,-0.069388067843,0.052302679228,1.584208443770,0.340615146803,0.000000000000,0.000000000000,0.000000000000,0.000000000000,0.080000000000,0.000000000000,0.000000000000,0.000000000000,0.000000000000,0.000000000000,wrist_roll,cruise,lift_to_place
41.948126560,0.442407580773,-0.069388067843,0.052302679228,1.584208443770,0.344615146803,0.000000000000,0.000000000000,0.000000000000,0.000000000000,0.080000000000,0.000000000000,0.000000000000,0.000000000000,0.000000000000,0.000000000000,wrist_roll,cruise,lift_to_place
41.998126560,0.442407580773,-0.069388067843,0.052302679228,1.584208443770,0.348615146803,0.000000000000,0.000000000000,0.000000000000,0.000000000000,0.080000000000,0.000000000000,0.000000000000,0.000000000000,0.000000000000,0.000000000000,wrist_roll,cruise,lift_to_place
42.048126560,0.442407580773,-0.069388067843,0.052302679228,1.584208443770,0.352615146803,0.000000000000,0.000000000000,0.000000000000,0.000000000000,0.080000000000,0.000000000000,0.000000000000,0.000000000000,0.000000000000,0.000000000000,wrist_roll,cruise,lift_to_place
42.098126560,0.442407580773,-0.069388067843,0.052302679228,1.584208443770,0.356615146803,0.000000000000,0.000000000000,0.000000000000,0.000000000000,0.080000000000,0.000000000000,0.000000000000,0.000000000000,0.000000000000,0.000000000000,wrist_roll,cruise,lift_to_place
42.148126560,0.442407580773,-0.069388067843,0.052302679228,1.584208443770,0.360615146803,0.000000000000,0.000000000000,0.000000000000,0.000000000000,0.080000000000,0.000000000000,0.000000000000,0.000000000000,0.000000000000,0.000000000000,wrist_roll,cruise,lift_to_place
42.198126560,0.442407580773,-0.069388067843,0.052302679228,1.584208443770,0.364615146803,0.000000000000,0.000000000000,0.000000000000,0.000000000000,0.080000000000,0.000000000000,0.000000000000,0.000000000000,0.000000000000,0.000000000000,wrist_roll,cruise,lift_to_place
42.248126560,0.442407580773,-0.069388067843,0.052302679228,1.584208443770,0.368615146803,0.000000000000,0.000000000000,0.000000000000,0.000000000000,0.080000000000,0.000000000000,0.000000000000,0.000000000000,0.000000000000,0.000000000000,wrist_roll,cruise,lift_to_place
42.298126560,0.442407580773,-0.069388067843,0.052302679228,1.584208443770,0.372615146803,0.000000000000,0.000000000000,0.000000000000,0.000000000000,0.080000000000,0.000000000000,0.000000000000,0.000000000000,0.000000000000,0.000000000000,wrist_roll,cruise,lift_to_place
42.348126560,0.442407580773,-0.069388067843,0.052302679228,1.584208443770,0.376615146803,0.000000000000,0.000000000000,0.000000000000,0.000000000000,0.080000000000,0.000000000000,0.000000000000,0.000000000000,0.000000000000,0.000000000000,wrist_roll,cruise,lift_to_place
42.398126560,0.442407580773,-0.069388067843,0.052302679228,1.584208443770,0.380615146803,0.000000000000,0.000000000000,0.000000000000,0.000000000000,0.080000000000,0.000000000000,0.000000000000,0.000000000000,0.000000000000,0.000000000000,wrist_roll,cruise,lift_to_place
42.448126560,0.442407580773,-0.069388067843,0.052302679228,1.584208443770,0.384615146803,0.000000000000,0.000000000000,0.000000000000,0.000000000000,0.080000000000,0.000000000000,0.000000000000,0.000000000000,0.000000000000,0.000000000000,wrist_roll,cruise,lift_to_place
42.498126560,0.442407580773,-0.069388067843,0.052302679228,1.584208443770,0.388615146803,0.000000000000,0.000000000000,0.000000000000,0.000000000000,0.080000000000,0.000000000000,0.000000000000,0.000000000000,0.000000000000,0.000000000000,wrist_roll,cruise,lift_to_place
42.548126560,0.442407580773,-0.069388067843,0.052302679228,1.584208443770,0.392615146803,0.000000000000,0.000000000000,0.000000000000,0.000000000000,0.080000000000,0.000000000000,0.000000000000,0.000000000000,0.000000000000,0.000000000000,wrist_roll,cruise,lift_to_place
42.598126560,0.442407580773,-0.069388067843,0.052302679228,1.584208443770,0.396615146803,0.000000000000,0.000000000000,0.000000000000,0.000000000000,0.080000000000,0.000000000000,0.000000000000,0.000000000000,0.000000000000,0.000000000000,wrist_roll,cruise,lift_to_place
42.648126560,0.442407580773,-0.069388067843,0.052302679228,1.584208443770,0.400615146803,0.000000000000,0.000000000000,0.000000000000,0.000000000000,0.080000000000,0.000000000000,0.000000000000,0.000000000000,0.000000000000,0.000000000000,wrist_roll,cruise,lift_to_place
42.698126560,0.442407580773,-0.069388067843,0.052302679228,1.584208443770,0.404615146803,0.000000000000,0.000000000000,0.000000000000,0.000000000000,0.080000000000,0.000000000000,0.000000000000,0.000000000000,0.000000000000,0.000000000000,wrist_roll,cruise,lift_to_place
42.748126560,0.442407580773,-0.069388067843,0.052302679228,1.584208443770,0.408542686674,0.000000000000,0.000000000000,0.000000000000,0.000000000000,0.074616316159,0.000000000000,0.000000000000,0.000000000000,0.000000000000,-0.200000000000,wrist_roll,decelerate,lift_to_place
42.798126560,0.442407580773,-0.069388067843,0.052302679228,1.584208443770,0.412023502482,0.000000000000,0.000000000000,0.000000000000,0.000000000000,0.064616316159,0.000000000000,0.000000000000,0.000000000000,0.000000000000,-0.200000000000,wrist_roll,decelerate,lift_to_place
42.848126560,0.442407580773,-0.069388067843,0.052302679228,1.584208443770,0.415004318289,0.000000000000,0.000000000000,0.000000000000,0.000000000000,0.054616316159,0.000000000000,0.000000000000,0.000000000000,0.000000000000,-0.200000000000,wrist_roll,decelerate,lift_to_place
42.898126560,0.442407580773,-0.069388067843,0.052302679228,1.584208443770,0.417485134097,0.000000000000,0.000000000000,0.000000000000,0.000000000000,0.044616316159,0.000000000000,0.000000000000,0.000000000000,0.000000000000,-0.200000000000,wrist_roll,decelerate,lift_to_place
42.948126560,0.442407580773,-0.069388067843,0.052302679228,1.584208443770,0.419465949905,0.000000000000,0.000000000000,0.000000000000,0.000000000000,0.034616316159,0.000000000000,0.000000000000,0.000000000000,0.000000000000,-0.200000000000,wrist_roll,decelerate,lift_to_place
42.998126560,0.442407580773,-0.069388067843,0.052302679228,1.584208443770,0.420946765713,0.000000000000,0.000000000000,0.000000000000,0.000000000000,0.024616316159,0.000000000000,0.000000000000,0.000000000000,0.000000000000,-0.200000000000,wrist_roll,decelerate,lift_to_place
43.048126560,0.442407580773,-0.069388067843,0.052302679228,1.584208443770,0.421927581521,0.000000000000,0.000000000000,0.000000000000,0.000000000000,0.014616316159,0.000000000000,0.000000000000,0.000000000000,0.000000000000,-0.200000000000,wrist_roll,decelerate,lift_to_place
43.098126560,0.442407580773,-0.069388067843,0.052302679228,1.584208443770,0.422408397329,0.000000000000,0.000000000000,0.000000000000,0.000000000000,0.004616316159,0.000000000000,0.000000000000,0.000000000000,0.000000000000,-0.200000000000,wrist_roll,decelerate,lift_to_place
43.121208141,0.442407580773,-0.069388067843,0.052302679228,1.584208443770,0.422461673266,0.000000000000,0.000000000000,0.000000000000,0.000000000000,0.000000000000,0.000000000000,0.000000000000,0.000000000000,0.000000000000,0.000000000000,,end,lift_to_place
43.171208141,0.442407580773,-0.069388067843,0.052302679228,1.584208443770,0.422461673266,0.000000000000,0.000000000000,0.000000000000,0.000000000000,0.000000000000,0.000000000000,0.000000000000,0.000000000000,0.000000000000,0.000000000000,,settle,lift_to_place
43.221208141,0.442407580773,-0.069388067843,0.052302679228,1.584208443770,0.422461673266,0.000000000000,0.000000000000,0.000000000000,0.000000000000,0.000000000000,0.000000000000,0.000000000000,0.000000000000,0.000000000000,0.000000000000,,settle,lift_to_place
43.271208141,0.442407580773,-0.069388067843,0.052302679228,1.584208443770,0.422461673266,0.000000000000,0.000000000000,0.000000000000,0.000000000000,0.000000000000,0.000000000000,0.000000000000,0.000000000000,0.000000000000,0.000000000000,,settle,lift_to_place
43.321208141,0.442407580773,-0.069388067843,0.052302679228,1.584208443770,0.422461673266,0.000000000000,0.000000000000,0.000000000000,0.000000000000,0.000000000000,0.000000000000,0.000000000000,0.000000000000,0.000000000000,0.000000000000,,settle,lift_to_place
